name,prompt,negative_prompt
No Style,,
||| STYLE ,,
"Style | Enhanced","breathtaking {prompt} . award-winning, professional, highly detailed","ugly, deformed, noisy, blurry, distorted, grainy",""
"Style | Anime","anime artwork {prompt} . anime style, key visual, vibrant, studio anime, highly detailed","photo, deformed, black and white, realism, disfigured, low contrast",""
"Style | Photography","cinematic photo {prompt} . 35mm photograph, film, bokeh, professional, 4k, highly detailed","drawing, painting, crayon, sketch, graphite, impressionist, noisy, blurry, soft, deformed, ugly",""
"Style | Digital art","concept art {prompt} . digital artwork, illustrative, painterly, matte painting, highly detailed","photo, photorealistic, realism, ugly",""
"Style | Comic book","comic {prompt} . graphic illustration, comic art, graphic novel art, vibrant, highly detailed","photograph, deformed, glitch, noisy, realistic, stock photo",""
"Style | Fantasy art","ethereal fantasy concept art of {prompt} . magnificent, celestial, ethereal, painterly, epic, majestic, magical, fantasy art, cover art, dreamy","photographic, realistic, realism, 35mm film, dslr, cropped, frame, text, deformed, glitch, noise, noisy, off-center, deformed, cross-eyed, closed eyes, bad anatomy, ugly, disfigured, sloppy, duplicate, mutated, black and white",""
"Style | Analog film","analog film photo {prompt} . faded film, desaturated, 35mm photo, grainy, vignette, vintage, Kodachrome, Lomography, stained, highly detailed, found footage","painting, drawing, illustration, glitch, deformed, mutated, cross-eyed, ugly, disfigured",""
"Style | Neon punk","neonpunk style {prompt} . cyberpunk, vaporwave, neon, vibes, vibrant, stunningly beautiful, crisp, detailed, sleek, ultramodern, magenta highlights, dark purple shadows, high contrast, cinematic, ultra detailed, intricate, professional","painting, drawing, illustration, glitch, deformed, mutated, cross-eyed, ugly, disfigured",""
"Style | Isometric microscopic","isometric style {prompt} . vibrant, beautiful, crisp, detailed, ultra detailed, intricate","deformed, mutated, ugly, disfigured, blur, blurry, noise, noisy, realistic, photographic",""
"Style | Low-sided polygon","low-poly style {prompt} . low-poly game art, polygon mesh, jagged, blocky, wireframe edges, centered composition","noisy, sloppy, messy, grainy, highly detailed, ultra textured, photo",""
"Style | Origami","origami style {prompt} . paper art, pleated paper, folded, origami art, pleats, cut and fold, centered composition","noisy, sloppy, messy, grainy, highly detailed, ultra textured, photo",""
"Style | Line art","line art drawing {prompt} . professional, sleek, modern, minimalist, graphic, line art, vector graphics","anime, photorealistic, 35mm film, deformed, glitch, blurry, noisy, off-center, deformed, cross-eyed, closed eyes, bad anatomy, ugly, disfigured, mutated, realism, realistic, impressionism, expressionism, oil, acrylic",""
"Style | Craft clay","play-doh style {prompt} . sculpture, clay art, centered composition, Claymation","sloppy, messy, grainy, highly detailed, ultra textured, photo",""
"Style | Movie","cinematic film still {prompt} . shallow depth of field, vignette, highly detailed, high budget Hollywood movie, bokeh, cinemascope, moody, epic, gorgeous, film grain, grainy","anime, cartoon, graphic, text, painting, crayon, graphite, abstract, glitch, deformed, mutated, ugly, disfigured",""
"Style | 3D model","professional 3d model {prompt} . octane render, highly detailed, volumetric, dramatic lighting","ugly, deformed, noisy, low poly, blurry, painting",""
"Style | Pixel art","pixel-art {prompt} . low-res, blocky, pixel art style, 8-bit graphics","sloppy, messy, blurry, noisy, highly detailed, ultra textured, photo, realistic",""
"Style | Line close-up texture","texture {prompt} top down close-up","ugly, deformed, noisy, blurry",""
"Style | Fooocus enhanced","{prompt},(worst quality, low quality, normal quality, lowres, low details, oversaturated, undersaturated, overexposed, underexposed, grayscale, bw, bad photo, bad photography, bad art:1.4), (watermark, signature, text font, username, error, logo, words, letters, digits, autograph, trademark, name:1.2), (blur, blurry, grainy), morbid, ugly, asymmetrical, mutated malformed, mutilated, poorly lit, bad shadow, draft, cropped, out of frame, cut off, censored, jpeg artifacts, out of focus, glitch, duplicate, (airbrushed, cartoon, anime, semi-realistic, cgi, render, blender, digital art, manga, amateur:1.3), (3D ,3D Game, 3D Game Scene, 3D Character:1.1), (bad hands, bad anatomy, bad body, bad face, bad teeth, bad arms, bad legs, deformities:1.3)",""
"Style | Fooocus clear","cinematic still {prompt} . emotional, harmonious, vignette, 4k epic detailed, shot on kodak, 35mm photo, sharp focus, high budget, cinemascope, moody, epic, gorgeous, film grain, grainy","anime, cartoon, graphic, (blur, blurry, bokeh), text, painting, crayon, graphite, abstract, glitch, deformed, mutated, ugly, disfigured",""
"Style | Fooocus masterpiece","(masterpiece), (best quality), (ultra-detailed), {prompt}, illustration, disheveled hair, detailed eyes, perfect composition, moist skin, intricate details, earrings, by wlop","longbody, lowres, bad anatomy, bad hands, missing fingers, pubic hair,extra digit, fewer digits, cropped, worst quality, low quality",""
"Style | Fooocus photo","photograph {prompt}, 50mm . cinematic 4k epic detailed 4k epic detailed photograph shot on kodak detailed cinematic hbo dark moody, 35mm photo, grainy, vignette, vintage, Kodachrome, Lomography, stained, highly detailed, found footage","Brad Pitt, bokeh, depth of field, blurry, cropped, regular face, saturated, contrast, deformed iris, deformed pupils, semi-realistic, cgi, 3d, render, sketch, cartoon, drawing, anime, text, cropped, out of frame, worst quality, low quality, jpeg artifacts, ugly, duplicate, morbid, mutilated, extra fingers, mutated hands, poorly drawn hands, poorly drawn face, mutation, deformed, dehydrated, bad anatomy, bad proportions, extra limbs, cloned face, disfigured, gross proportions, malformed limbs, missing arms, missing legs, extra arms, extra legs, fused fingers, too many fingers, long neck",""
"Style | Fooocus negative prompt","{prompt},deformed, bad anatomy, disfigured, poorly drawn face, mutated, extra limb, ugly, poorly drawn hands, missing limb, floating limbs, disconnected limbs, disconnected head, malformed hands, long neck, mutated hands and fingers, bad hands, missing fingers, cropped, worst quality, low quality, mutation, poorly drawn, huge calf, bad hands, fused hand, missing hand, disappearing arms, disappearing thigh, disappearing calf, disappearing legs, missing fingers, fused fingers, abnormal eye proportion, Abnormal hands, abnormal legs, abnormal feet, abnormal fingers, drawing, painting, crayon, sketch, graphite, impressionist, noisy, blurry, soft, deformed, ugly, anime, cartoon, graphic, text, painting, crayon, graphite, abstract, glitch",""
"Style | Fooocus movie","cinematic still {prompt} . emotional, harmonious, vignette, highly detailed, high budget, bokeh, cinemascope, moody, epic, gorgeous, film grain, grainy","anime, cartoon, graphic, text, painting, crayon, graphite, abstract, glitch, deformed, mutated, ugly, disfigured",""
||| SDXL COMFYUI PORT ,,
"Style | Advertising","Advertising poster style {prompt} . Professional, modern, product-focused, commercial, eye-catching, highly detailed","noisy, blurry, amateurish, sloppy, unattractive",""
"Style | Advertising car","Automotive advertisement style {prompt} . Sleek, dynamic, professional, commercial, vehicle-focused, high-resolution, highly detailed","noisy, blurry, unattractive, sloppy, unprofessional",""
"Style | Advertising company","Corporate branding style {prompt} . Professional, clean, modern, sleek, minimalist, business-oriented, highly detailed","noisy, blurry, grungy, sloppy, cluttered, disorganized",""
"Style | Advertising fashion photography","Fashion editorial style {prompt} . High fashion, trendy, stylish, editorial, magazine style, professional, highly detailed","outdated, blurry, noisy, unattractive, sloppy",""
"Style | Advertising food photography","Food photography style {prompt} . Appetizing, professional, culinary, high-resolution, commercial, highly detailed","unappetizing, sloppy, unprofessional, noisy, blurry",""
"Style | Advertising luxury goods","Luxury product style {prompt} . Elegant, sophisticated, high-end, luxurious, professional, highly detailed","cheap, noisy, blurry, unattractive, amateurish",""
"Style | Advertising Real estate","Real estate photography style {prompt} . Professional, inviting, well-lit, high-resolution, property-focused, commercial, highly detailed","dark, blurry, unappealing, noisy, unprofessional",""
"Style | Advertising retail","Retail packaging style {prompt} . Vibrant, enticing, commercial, product-focused, eye-catching, professional, highly detailed","noisy, blurry, amateurish, sloppy, unattractive",""
"Style | Art Style Summary","abstract style {prompt} . non-representational, colors and shapes, expression of feelings, imaginative, highly detailed","realistic, photographic, figurative, concrete",""
"Style | Art Style abstract expression","abstract expressionist painting {prompt} . energetic brushwork, bold colors, abstract forms, expressive, emotional","realistic, photorealistic, low contrast, plain, simple, monochrome",""
"Style | Art Style Art Deco","Art Deco style {prompt} . geometric shapes, bold colors, luxurious, elegant, decorative, symmetrical, ornate, detailed","ugly, deformed, noisy, blurry, low contrast, realism, photorealistic, modernist, minimalist",""
"Style | Art Style Art Nouveau","Art Nouveau style {prompt} . elegant, decorative, curvilinear forms, nature-inspired, ornate, detailed","ugly, deformed, noisy, blurry, low contrast, realism, photorealistic, modernist, minimalist",""
"Style | Art Style Constitutionalism","constructivist style {prompt} . geometric shapes, bold colors, dynamic composition, propaganda art style","realistic, photorealistic, low contrast, plain, simple, abstract expressionism",""
"Style | Art Style Cubism","cubist artwork {prompt} . geometric shapes, abstract, innovative, revolutionary","anime, photorealistic, 35mm film, deformed, glitch, low contrast, noisy",""
"Style | Art Style Expressionism","expressionist {prompt} . raw, emotional, dynamic, distortion for emotional effect, vibrant, use of unusual colors, detailed","realism, symmetry, quiet, calm, photo",""
"Style | Art Style Graffiti","graffiti style {prompt} . street art, vibrant, urban, detailed, tag, mural","ugly, deformed, noisy, blurry, low contrast, realism, photorealistic",""
"Style | Art Style Surrealism","surrealist art {prompt} . dreamlike, mysterious, provocative, symbolic, intricate, detailed","anime, photorealistic, realistic, deformed, glitch, noisy, low contrast",""
"Style | Art Style Impressionism","impressionist painting {prompt} . loose brushwork, vibrant color, light and shadow play, captures feeling over form","anime, photorealistic, 35mm film, deformed, glitch, low contrast, noisy",""
"Style | Art Style Pointillism","pointillism style {prompt} . composed entirely of small, distinct dots of color, vibrant, highly detailed","line drawing, smooth shading, large color fields, simplistic",""
"Style | Art Style Pop art","Pop Art style {prompt} . bright colors, bold outlines, popular culture themes, ironic or kitsch","ugly, deformed, noisy, blurry, low contrast, realism, photorealistic, minimalist",""
"Style | Art Style Psychedelic","psychedelic style {prompt} . vibrant colors, swirling patterns, abstract forms, surreal, trippy","monochrome, black and white, low contrast, realistic, photorealistic, plain, simple",""
"Style | Art Style Renaissance","Renaissance style {prompt} . realistic, perspective, light and shadow, religious or mythological themes, highly detailed","ugly, deformed, noisy, blurry, low contrast, modernist, minimalist, abstract",""
"Style | Art Style Steampunk","steampunk style {prompt} . antique, mechanical, brass and copper tones, gears, intricate, detailed","deformed, glitch, noisy, low contrast, anime, photorealistic",""
"Style | Art Style Layout design","typographic art {prompt} . stylized, intricate, detailed, artistic, text-based","ugly, deformed, noisy, blurry, low contrast, realism, photorealistic",""
"Style | Art Style Watercolor painting","watercolor painting {prompt} . vibrant, beautiful, painterly, detailed, textural, artistic","anime, photorealistic, 35mm film, deformed, glitch, low contrast, noisy",""
"Style | Future fantasy Biomechanical","biomechanical style {prompt} . blend of organic and mechanical elements, futuristic, cybernetic, detailed, intricate","natural, rustic, primitive, organic, simplistic",""
"Style | Future fantasy Biochemical Cyberpunk","biomechanical cyberpunk {prompt} . cybernetics, human-machine fusion, dystopian, organic meets artificial, dark, intricate, highly detailed","natural, colorful, deformed, sketch, low contrast, watercolor",""
"Style | Future fantasy Mechanical","cybernetic style {prompt} . futuristic, technological, cybernetic enhancements, robotics, artificial intelligence themes","ugly, deformed, noisy, blurry, low contrast, realism, photorealistic, historical, medieval",""
"Style | Future fantasy Bionic robot","cybernetic robot {prompt} . android, AI, machine, metal, wires, tech, futuristic, highly detailed","organic, natural, human, sketch, watercolor, low contrast",""
"Style | Future fantasy Cyberpunk Cityscape","cyberpunk cityscape {prompt} . neon lights, dark alleys, skyscrapers, futuristic, vibrant colors, high contrast, highly detailed","natural, rural, deformed, low contrast, black and white, sketch, watercolor",""
"Style | Future fantasy Futuristic","futuristic style {prompt} . sleek, modern, ultramodern, high tech, detailed","ugly, deformed, noisy, blurry, low contrast, realism, photorealistic, vintage, antique",""
"Style | Future fantasy Old Cyberpunk","retro cyberpunk {prompt} . 80's inspired, synthwave, neon, vibrant, detailed, retro futurism","modern, desaturated, black and white, realism, low contrast",""
"Style | Future fantasy Retro-futuristic","retro-futuristic {prompt} . vintage sci-fi, 50s and 60s style, atomic age, vibrant, highly detailed","contemporary, realistic, rustic, primitive",""
"Style | Future fantasy Waste land","sci-fi style {prompt} . futuristic, technological, alien worlds, space themes, advanced civilizations","ugly, deformed, noisy, blurry, low contrast, realism, photorealistic, historical, medieval",""
"Style | Future fantasy Vapor wave","vaporwave style {prompt} . retro aesthetic, cyberpunk, vibrant, neon colors, vintage 80s and 90s style, highly detailed","monochrome, muted colors, realism, rustic, minimalist, dark",""
"Style | Game Bubble bobble","Bubble Bobble style {prompt} . 8-bit, cute, pixelated, fantasy, vibrant, reminiscent of Bubble Bobble game","realistic, modern, photorealistic, violent, horror",""
"Style | Game Cyberpunk","cyberpunk game style {prompt} . neon, dystopian, futuristic, digital, vibrant, detailed, high contrast, reminiscent of cyberpunk genre video games","historical, natural, rustic, low detailed",""
"Style | Game Fighting","fighting game style {prompt} . dynamic, vibrant, action-packed, detailed character design, reminiscent of fighting video games","peaceful, calm, minimalist, photorealistic",""
"Style | Game GTA","GTA-style artwork {prompt} . satirical, exaggerated, pop art style, vibrant colors, iconic characters, action-packed","realistic, black and white, low contrast, impressionist, cubist, noisy, blurry, deformed",""
"Style | Game Super Mario","Super Mario style {prompt} . vibrant, cute, cartoony, fantasy, playful, reminiscent of Super Mario series","realistic, modern, horror, dystopian, violent",""
"Style | Game Minecraft","Minecraft style {prompt} . blocky, pixelated, vibrant colors, recognizable characters and objects, game assets","smooth, realistic, detailed, photorealistic, noise, blurry, deformed",""
"Style | Game Pokemon","Pokémon style {prompt} . vibrant, cute, anime, fantasy, reminiscent of Pokémon series","realistic, modern, horror, dystopian, violent",""
"Style | Game Retro arcade","retro arcade style {prompt} . 8-bit, pixelated, vibrant, classic video game, old school gaming, reminiscent of 80s and 90s arcade games","modern, ultra-high resolution, photorealistic, 3D",""
"Style | Game Retro game Hall","retro game art {prompt} . 16-bit, vibrant colors, pixelated, nostalgic, charming, fun","realistic, photorealistic, 35mm film, deformed, glitch, low contrast, noisy",""
"Style | Game Fantasy RPG","role-playing game (RPG) style fantasy {prompt} . detailed, vibrant, immersive, reminiscent of high fantasy RPG games","sci-fi, modern, urban, futuristic, low detailed",""
"Style | Game Strategy","strategy game style {prompt} . overhead view, detailed map, units, reminiscent of real-time strategy video games","first-person view, modern, photorealistic",""
"Style | Game Street Fighter","Street Fighter style {prompt} . vibrant, dynamic, arcade, 2D fighting game, highly detailed, reminiscent of Street Fighter series","3D, realistic, modern, photorealistic, turn-based strategy",""
"Style | Game Legend of Zelda","Legend of Zelda style {prompt} . vibrant, fantasy, detailed, epic, heroic, reminiscent of The Legend of Zelda series","sci-fi, modern, realistic, horror",""
"Style | Misc-architectural","architectural style {prompt} . clean lines, geometric shapes, minimalist, modern, architectural drawing, highly detailed","curved lines, ornate, baroque, abstract, grunge",""
"Style | Misc-disco","disco-themed {prompt} . vibrant, groovy, retro 70s style, shiny disco balls, neon lights, dance floor, highly detailed","minimalist, rustic, monochrome, contemporary, simplistic",""
"Style | Misc-dreamscape","dreamscape {prompt} . surreal, ethereal, dreamy, mysterious, fantasy, highly detailed","realistic, concrete, ordinary, mundane",""
"Style | Misc-dystopian","dystopian style {prompt} . bleak, post-apocalyptic, somber, dramatic, highly detailed","ugly, deformed, noisy, blurry, low contrast, cheerful, optimistic, vibrant, colorful",""
"Style | Misc-fairy tale","fairy tale {prompt} . magical, fantastical, enchanting, storybook style, highly detailed","realistic, modern, ordinary, mundane",""
"Style | Misc-gothic","gothic style {prompt} . dark, mysterious, haunting, dramatic, ornate, detailed","ugly, deformed, noisy, blurry, low contrast, realism, photorealistic, cheerful, optimistic",""
"Style | Misc-grunge","grunge style {prompt} . textured, distressed, vintage, edgy, punk rock vibe, dirty, noisy","smooth, clean, minimalist, sleek, modern, photorealistic",""
"Style | Misc-horror","horror-themed {prompt} . eerie, unsettling, dark, spooky, suspenseful, grim, highly detailed","cheerful, bright, vibrant, light-hearted, cute",""
"Style | Misc-kawaii","kawaii style {prompt} . cute, adorable, brightly colored, cheerful, anime influence, highly detailed","dark, scary, realistic, monochrome, abstract",""
"Style | Misc-lovecraftian","lovecraftian horror {prompt} . eldritch, cosmic horror, unknown, mysterious, surreal, highly detailed","light-hearted, mundane, familiar, simplistic, realistic",""
"Style | Misc-macabre","macabre style {prompt} . dark, gothic, grim, haunting, highly detailed","bright, cheerful, light-hearted, cartoonish, cute",""
"Style | Misc-manga","manga style {prompt} . vibrant, high-energy, detailed, iconic, Japanese comic style","ugly, deformed, noisy, blurry, low contrast, realism, photorealistic, Western comic style",""
"Style | Misc-metropolis","metropolis-themed {prompt} . urban, cityscape, skyscrapers, modern, futuristic, highly detailed","rural, natural, rustic, historical, simple",""
"Style | Misc-minimalist","minimalist style {prompt} . simple, clean, uncluttered, modern, elegant","ornate, complicated, highly detailed, cluttered, disordered, messy, noisy",""
"Style | Misc-monochrome","monochrome {prompt} . black and white, contrast, tone, texture, detailed","colorful, vibrant, noisy, blurry, deformed",""
"Style | Misc-nautical","nautical-themed {prompt} . sea, ocean, ships, maritime, beach, marine life, highly detailed","landlocked, desert, mountains, urban, rustic",""
"Style | Misc-space","space-themed {prompt} . cosmic, celestial, stars, galaxies, nebulas, planets, science fiction, highly detailed","earthly, mundane, ground-based, realism",""
"Style | Misc-stained glass","stained glass style {prompt} . vibrant, beautiful, translucent, intricate, detailed","ugly, deformed, noisy, blurry, low contrast, realism, photorealistic",""
"Style | Misc-techwear fashion","techwear fashion {prompt} . futuristic, cyberpunk, urban, tactical, sleek, dark, highly detailed","vintage, rural, colorful, low contrast, realism, sketch, watercolor",""
"Style | Misc-tribal","tribal style {prompt} . indigenous, ethnic, traditional patterns, bold, natural colors, highly detailed","modern, futuristic, minimalist, pastel",""
"Style | Misc-Zentangle Art","zentangle {prompt} . intricate, abstract, monochrome, patterns, meditative, highly detailed","colorful, representative, simplistic, large fields of color",""
"Style | Papercraft-Collage","collage style {prompt} . mixed media, layered, textural, detailed, artistic","ugly, deformed, noisy, blurry, low contrast, realism, photorealistic",""
"Style | Papercraft-Flat paper-cut","flat papercut style {prompt} . silhouette, clean cuts, paper, sharp edges, minimalist, color block","3D, high detail, noise, grainy, blurry, painting, drawing, photo, disfigured",""
"Style | Papercraft-Kawamoto Kihachiro","kirigami representation of {prompt} . 3D, paper folding, paper cutting, Japanese, intricate, symmetrical, precision, clean lines","painting, drawing, 2D, noisy, blurry, deformed",""
"Style | Papercraft-paper mache","paper mache representation of {prompt} . 3D, sculptural, textured, handmade, vibrant, fun","2D, flat, photo, sketch, digital art, deformed, noisy, blurry",""
"Style | Papercraft-Quilted paper","paper quilling art of {prompt} . intricate, delicate, curling, rolling, shaping, coiling, loops, 3D, dimensional, ornamental","photo, painting, drawing, 2D, flat, deformed, noisy, blurry",""
"Style | Papercraft-Paper-cut collage","papercut collage of {prompt} . mixed media, textured paper, overlapping, asymmetrical, abstract, vibrant","photo, 3D, realistic, drawing, painting, high detail, disfigured",""
"Style | Papercraft-Shadow box paper-cut","3D papercut shadow box of {prompt} . layered, dimensional, depth, silhouette, shadow, papercut, handmade, high contrast","painting, drawing, photo, 2D, flat, high detail, blurry, noisy, disfigured",""
"Style | Papercraft-Stacking paper-cut","stacked papercut art of {prompt} . 3D, layered, dimensional, depth, precision cut, stacked layers, papercut, high contrast","2D, flat, noisy, blurry, painting, drawing, photo, deformed",""
"Style | Papercraft-Thick layer paper-cut","thick layered papercut art of {prompt} . deep 3D, volumetric, dimensional, depth, thick paper, high stack, heavy texture, tangible layers","2D, flat, thin paper, low stack, smooth texture, painting, drawing, photo, deformed",""
"Style | Photo Alien","alien-themed {prompt} . extraterrestrial, cosmic, otherworldly, mysterious, sci-fi, highly detailed","earthly, mundane, common, realistic, simple",""
"Style | Photo Film Noir","film noir style {prompt} . monochrome, high contrast, dramatic shadows, 1940s style, mysterious, cinematic","ugly, deformed, noisy, blurry, low contrast, realism, photorealistic, vibrant, colorful",""
"Style | Photo HDR","HDR photo of {prompt} . High dynamic range, vivid, rich details, clear shadows and highlights, realistic, intense, enhanced contrast, highly detailed","flat, low contrast, oversaturated, underexposed, overexposed, blurred, noisy",""
"Style | Photo Long exposure","long exposure photo of {prompt} . Blurred motion, streaks of light, surreal, dreamy, ghosting effect, highly detailed","static, noisy, deformed, shaky, abrupt, flat, low contrast",""
"Style | Photo Black neon","neon noir {prompt} . cyberpunk, dark, rainy streets, neon signs, high contrast, low light, vibrant, highly detailed","bright, sunny, daytime, low contrast, black and white, sketch, watercolor",""
"Style | Photo Silhouette","silhouette style {prompt} . high contrast, minimalistic, black and white, stark, dramatic","ugly, deformed, noisy, blurry, low contrast, color, realism, photorealistic",""
"Style | Photo Axis shift","tilt-shift photo of {prompt} . Selective focus, miniature effect, blurred background, highly detailed, vibrant, perspective control","blurry, noisy, deformed, flat, low contrast, unrealistic, oversaturated, underexposed",""
||| ART GENRE ,,
"Art genre| Space art","galactic style {prompt} . nebula, constellation, cosmic, celestial, highly detailed, starry","blurry, grainy, deformed, photo-realistic, low-contrast, terrestrial",""
"Art genre| Street art","street art version of {prompt} . urban, graffiti, spray paint, vibrant, bold, rough, rebellious,elegant","refined"
"Art genre| Baroque","Baroque style {prompt} . grandeur, drama, chiaroscuro, highly detailed","minimalist, calm, flat, undetailed",""
"Art genre| Abstract","abstract photo of {prompt}. Artistic, unique, creative, unconventional","concrete, literal, conventional, uncreative",""
"Art genre| Pointillism","pointillism art {prompt} . dots, dappled, stipples, highly detailed","smooth, blurry, photo-realistic, non-dotted",""
"Art genre| Impressionism","Impressionist style {prompt} . loose brushwork, light and color, ordinary subjects, highly detailed","tight brushwork, black and white, extraordinary subjects, undetailed",""
"Art genre| Pop art","pop art style {prompt} . bold colors, mass culture, comic style, ironical, vibrant, detailed,neutral","realistic"
"Art genre| Minimalism,{prompt} sporting minimalist fashion. Simple, clean lines, neutral colors, unfussy","vintage, boho, flamboyant, colorful",""
"Art genre| Decorative art","Art Deco style {prompt} . modern, geometric, luxury, highly detailed","vintage, organic, minimalism, undetailed",""
"Art genre| Cubism","Cubist style {prompt} . geometric, multi-perspective, fragmented, highly detailed","organic, single perspective, whole, undetailed",""
"Art genre| Dadaism","dada style {prompt} . absurd, satirical, avant-garde, abstract","serious, traditional, conventional, realistic",""
"Art genre| Victorian style","Victorian style {prompt} . elegant, ornate, highly detailed, historical","modern, minimalist, low detail, contemporary",""
"Art genre| Art Nouveau","art nouveau {prompt} . organic, curvilinear, decorative, highly detailed","geometric, straight lines, functional, low detail",""
"Art genre| Futuristic","Futurist style {prompt} . dynamic, technology, speed, highly detailed","static, nature, slow, undetailed",""
"Art genre| Medieval Style","medieval style {prompt} . historical, ornate, religious, gothic","modern, simple, secular, minimalist",""
"Art genre| Industrial","industrial style {prompt} . mechanical, robust, urban, gritty","natural, fragile, rural, clean",""
"Art genre| Vapor wave","vaporwave style {prompt} . retro, neon, pixelated, nostalgic","modern, monochrome, high-resolution, forward-looking",""
"Art genre| Horror","horror style {prompt} . dark, eerie, gothic, macabre","light, cheerful, minimalist, happy",""
"Art genre| Gothic,{prompt} in a gothic getup. Dark, leather, lace, Victorian influence","preppy, pastel, boho, bright",""
"Art genre| Steampunk","steampunk-inspired {prompt} . gears, brass, rivets, old-world technology, intricate, highly detailed, Victorian,ugly","deformed"
"Art genre| Retro","retro style {prompt} . vintage, nostalgic, old-fashioned, highly detailed","modern, futuristic, forward-looking, low detail",""
"Art genre| Surrealistic","surrealistic {prompt} . dreamlike, subconscious, bizarre, highly detailed, intricate, imaginative, illogical juxtaposition,clear","realistic"
"Art genre| Realism","realism style {prompt} . lifelike, detailed, accurate, representational","abstract, simplistic, inaccurate, non-representational",""
"Art genre| Silhouette","silhouette of {prompt} . high contrast, dramatic, simple, bold, graphic,detailed","textured"
"Art genre| Collage","collage style {prompt} . mixed media, assembled, eclectic, highly detailed","uniform, unvarying, minimalist, low detail",""
"Art genre| Watercolor painting","watercolor painting of {prompt} . fluid, soft edges, light colors, translucent, delicate, dreamy,hard","geometric"
"Art genre| Calligraphy","calligraphy {prompt} . elegant, flowing, ornate, highly detailed","plain, rigid, simple, low detail",""
"Art genre| Expressionism","expressionist style {prompt} . emotional, intense, vibrant, highly detailed","emotionless, calm, muted, low detail",""
"Art genre| Fauvism","fauvist interpretation of {prompt} . wild brushwork, vibrant color, expressive, bold, emotive, painterly,neutral","precise"
"Art genre| Renaissance","Renaissance style {prompt} . humanism, realism, perspective, highly detailed","abstract, surreal, flat, undetailed",""
"Art genre| Realistic","photorealistic {prompt} . highly detailed, lifelike, precise, accurate","abstract, low detail, unrealistic, inaccurate",""
"Art genre| Symbol","symbolic style {prompt} . conceptual, representative, allegorical, highly detailed","literal, non-representative, factual, low detail",""
"Art genre| Avant-garde","avant-garde style {prompt} . experimental, innovative, non-traditional","traditional, conventional, classic",""
"Art genre| Mosaic","mosaic of {prompt} . tiled, geometric, vibrant, intricate, decorative,soft","organic"
"Art genre| Illusion style","trompe l'oeil style {prompt} . deceptive, 3D effect, realistic, highly detailed","honest, 2D effect, unrealistic, low detail",""
"Art genre| Rococo","Rococo style {prompt} . ornate, pastel, love and nature themes, highly detailed","simple, dark, abstract, undetailed",""
"Art genre| Macabre","macabre style {prompt} . dark, eerie, grotesque, highly detailed","light, cheerful, beautiful, low detail",""
"Art genre| Irony","satirical style {prompt} . humorous, ironic, exaggerated, critical","serious, literal, realistic, complimentary",""
"Art genre| Pixel wind","pixelated style {prompt} . retro, low-res, digital, blocky","modern, high-res, organic, smooth",""
"Art genre| Primitive","primitive style {prompt} . raw, simple, naive, highly detailed","refined, complex, sophisticated, low detail",""
"Art genre| Byzantium","Byzantine style {prompt} . religious, iconography, gold, highly detailed, mosaics","secular, simple, bronze, minimalist, paintings",""
"Art genre| Psychedelic","psychedelic style {prompt} . vibrant, abstract, distorted, highly detailed","muted, realistic, undistorted, low detail",""
"Art genre| Supremacy","Suprematism style {prompt} . geometric, non-objective, primary colors, highly detailed","organic, objective, pastel colors, undetailed",""
"Art genre| Constructivism","Constructivist style {prompt} . industrial, geometric, socialist, highly detailed","organic, round, capitalist, undetailed",""
"Art genre| Stijl","de Stijl style {prompt} . abstract, geometric, primary colors,organic","curvilinear"
"Art genre| Ukiyo-e","ukiyo-e style {prompt} . Japanese woodblock prints, flat areas of color, detailed patterns, subjects from history and mythology, highly detailed","modern, 3D, CG, western art styles, black and white",""
"Art genre| Dystopia","dystopian style {prompt} . bleak, oppressive, futuristic, detailed","utopian, cheerful, historical, low detail",""
"Art genre| Biomechanical","biomechanical style {prompt} . organic meets mechanical, alien, detailed, H.R. Giger-inspired","geometric, earthy, low detail, not H.R. Giger-inspired",""
"Art genre| Hyper-realistic","hyperrealistic style {prompt} . ultra-detailed, lifelike, precision, crisp","abstract, low detail, unrealistic, blurry",""
"Art genre| Glitch","glitch style {prompt} . digital error, distorted, cyber, detailed","analog, undistorted, organic, low detail",""
"Art genre| Wrong vision","trompe-l'oeil style {prompt} . optical illusion, lifelike, 3D effect, detailed","flat, 2D effect, unrealistic, low detail",""
"Art genre| Arabesque","arabesque style {prompt} . geometric patterns, floral, Islamic art, detailed","chaotic, animalistic, non-Islamic art, low detail",""
"Art genre| Chiaroscuro","chiaroscuro style {prompt} . high contrast, dramatic lighting, detailed","low contrast, flat lighting, low detail",""
"Art genre| Dark tone","tenebrism style {prompt} . dark, dramatic illumination, high contrast, detailed","light, flat lighting, low contrast, low detail",""
"Art genre| Romantic","romantic style {prompt} . emotional, dramatic, nature-focused, detailed","unemotional, flat, city-focused, low detail",""
"Art genre| Bauhaus","bauhaus style {prompt} . functional, geometric, minimal, detailed","ornamental, curvilinear, maximal, low detail",""
"Art genre| Art Beast","art brut style {prompt} . raw, outsider art, naïve, detailed","refined, mainstream art, sophisticated, low detail",""
"Art genre| Metaphysical","metaphysical style {prompt} . surreal, eerie, uncanny, detailed","realistic, comfortable, familiar, low detail",""
"Art genre| Neo-plasticism","neoplasticism style {prompt} . geometric, primary colors, black and white, abstract","organic, muted colors, colorful, realistic",""
"Art genre| Hard edge","hard-edge style {prompt} . geometric, flat colors, precision, detailed","organic, gradient colors, imprecise, low detail",""
"Art genre| Automatism","automatism style {prompt} . unconscious, spontaneous, abstract, detailed","conscious, planned, realistic, low detail",""
"Art genre| Splash color","tachisme style {prompt} . gestural, abstract, spontaneous, detailed","controlled, realistic, planned, low detail",""
"Art genre| Lyrical abstraction","lyrical abstraction style {prompt} . emotional, non-figurative, expressive, detailed","unemotional, figurative, restrained, low detail",""
"Art genre| Color gamut painting","color field style {prompt} . flat, large fields of color, minimal, detailed","textured, small patches of color, maximal, low detail",""
"Art genre| Integrationism","synthetism style {prompt} . simplified, symbolic, bright colors, detailed","complex, literal, muted colors, low detail",""
"Art genre| Separatism","cloisonnism style {prompt} . bold outlines, flat colors, decorative, detailed","soft outlines, gradient colors, functional, low detail",""
"Art genre| Flattening art","assemblage style {prompt} . three-dimensional, found objects, eclectic, detailed","two-dimensional, traditional materials, uniform, low detail",""
"Art genre| Vorticism","vorticism style {prompt} . geometric, abstract, dynamic, detailed","organic, realistic, static, low detail",""
"Art genre| Light effect","op art style {prompt} . optical illusions, geometric, black and white, detailed","no illusions, organic, colorful, low detail",""
"Art genre| Pointillism","divisionism style {prompt} . color theory, dot technique, vibrant, detailed","black and white, smooth technique, muted, low detail",""
"Art genre| Activity art","kinetic art style {prompt} . movement, dynamic, interactive, detailed","static, static, non-interactive, low detail",""
"Art genre| Orphism","orphism style {prompt} . pure color, abstract, musical, detailed","mixed color, realistic, non-musical, low detail",""
"Art genre| Letters Style","letterism style {prompt} . letters, typographic, abstract, detailed","images, non-typographic, realistic, low detail",""
"Art genre| Situationism","situationalist style {prompt} . political, collage, detournement, detailed","apolitical, single medium, straightforward, low detail",""
"Art genre| Sound art","sound art style {prompt} . auditory, abstract, non-visual, detailed","visual, realistic, silent, low detail",""
"Art genre| Earth art","land art style {prompt} . natural materials, outdoor, environmental, detailed","synthetic materials, indoor, non-environmental, low detail",""
"Art genre| Realistic graffiti","photorealistic graffiti style {prompt} . urban, street art, lifelike, detailed","rural, gallery art, abstract, low detail",""
"Art genre| Ultra-modern","hypermodern style {prompt} . postmodern, technology focused, sleek, detailed","premodern, nature focused, rustic, low detail",""
"Art genre| Virtual reality","virtual realism style {prompt} . digital, lifelike, immersive, detailed","analog, abstract, non-immersive, low detail",""
"Art genre| Structure film","structural film style {prompt} . experimental, non-narrative, texture, detailed","traditional, narrative, smooth, low detail",""
"Art genre| Process art","process art style {prompt} . creation focused, ephemeral, documentation, detailed","result focused, permanent, no documentation, low detail",""
"Art genre| Light and space","light and space style {prompt} . perceptual phenomena, immersive, minimal, detailed","solid objects, non-immersive, maximal, low detail",""
"Art genre| Post-Internet era","post-internet style {prompt} . digital culture, technology, online, detailed","pre-internet, nature, offline, low detail",""
"Art genre| Biological art","bio-art style {prompt} . living organisms, ethical, natural, detailed","inorganic, unethical, synthetic, low detail",""
||| CULTURE ,,
"Style | Celtic","Celtic style {prompt} . geometric patterns, intricate knots, medieval, highly detailed","random, simplistic, modern, undetailed",""
"Style | Native American","Native American style {prompt} . traditional patterns, tribal, cultural symbols, highly detailed","modern, non-tribal, abstract, undetailed",""
"Style | Indigenous Australia","Aboriginal style {prompt} . Australian indigenous, dot painting, storytelling, highly detailed","non-Australian, line drawing, non-narrative, undetailed",""
"Style | Egyptian","Egyptian style {prompt} . hieroglyphs, gods and goddesses, Pharaohs, highly detailed","non-Egyptian, text-free, secular, undetailed",""
"Style | Mayan","Mayan style {prompt} . glyphs, ancient civilization, detailed carvings, highly detailed","modern, non-Mayan, simplistic, undetailed",""
"Style | Mughal","Mughal style {prompt} . Indian and Persian influence, miniature paintings, highly detailed","non-Indian, non-Persian, large-scale, undetailed",""
"Style | Roma","Roma {prompt} . Drama, Mexico City, 1970s, highly detailed","action, New York City, modern day, undetailed",""
"Style | Pre-Raphaelite","Pre-Raphaelite style {prompt} . romantic, vivid color, medieval subjects, highly detailed","realistic, muted color, modern subjects, undetailed",""
"Style | Dada","dadaist version of {prompt} . anti-art, absurd, random, satirical, mixed media, collage,traditional","sensible"
"Style | Expressionism","Expressionist style {prompt} . emotional, distorted, individual perspective, highly detailed","unemotional, realistic, collective perspective, undetailed",""
"Style | Socialist Realist","Socialist Realist style {prompt} . idealized, political, proletarian, highly detailed","realistic, apolitical, bourgeois, undetailed",""
"Style | Symbolism","Symbolist style {prompt} . mythical, dreamy, spiritual, highly detailed","realistic, practical, secular, undetailed",""
"Style | Pre-Columbian","Pre-Columbian style {prompt} . ancient Americas, native, cultural, highly detailed","modern, non-American, abstract, undetailed",""
"Style | Art Nouveau","art nouveau style {prompt} . elegant, ornate, flowing lines, detailed, decorative,simple","modern"
"Style | Precision","Precisionist style {prompt} . industrial, crisp, geometric, highly detailed","organic, blurry, round, undetailed",""
"Style | Neoclassicism","Neoclassical style {prompt} . ancient Rome and Greece, rational, heroic, highly detailed","modern, emotional, ordinary, undetailed",""
"Style | Persian","Persian Miniature style {prompt} . Middle Eastern, intricate, storytelling, highly detailed","Western, simple, non-narrative, undetailed",""
"Style | Edo","Edo style {prompt} . Japanese, woodblock prints, floating world, highly detailed","non-Japanese, oil painting, real world, undetailed",""
"Style | Tribal","Tribal style {prompt} . African, indigenous, symbolic, highly detailed","non-African, mainstream, abstract, undetailed",""
"Style | Tibet","Tibetan Thangka style {prompt} . spiritual, Buddhist, meditation, highly detailed","secular, non-Buddhist, disturbing, undetailed",""
"Style | Greek Classical","Greek Classical style {prompt} . ancient, mythology, balanced, highly detailed","modern, everyday life, unbalanced, undetailed",""
"Style | African","African style {prompt} . tribal, symbolic, cultural, highly detailed","non-African, abstract, non-cultural, undetailed",""
"Style | Russian Iconography","Russian Iconography style {prompt} . religious, orthodox, gold, highly detailed","secular, non-orthodox, silver, undetailed",""
"Style | Nordic","Nordic style {prompt} . Scandinavian, minimal, nature, highly detailed","non-Scandinavian, maximal, urban, undetailed",""
"Style | Inuit","Inuit style {prompt} . Arctic, native, animal themes, highly detailed","tropical, non-native, human themes, undetailed",""
"Style | Maori","Maori style {prompt} . New Zealand, tribal, spiritual, highly detailed","non-New Zealand, non-tribal, secular, undetailed",""
"Style | Iznik","Iznik style {prompt} . Turkish, ceramic, floral, highly detailed","non-Turkish, canvas, geometric, undetailed",""
"Style | Ottoman","Ottoman style {prompt} . Islamic, calligraphy, miniatures, highly detailed","non-Islamic, typography, large-scale, undetailed",""
"Style | Hanami","Hanami style {prompt} . Japanese, cherry blossoms,spring, highly detailed","non-Japanese, winter, abstract, undetailed",""
"Style | Mandala","Mandala style {prompt} . spiritual, geometric, symmetrical, highly detailed","secular, organic, asymmetrical, undetailed",""
"Style | Aztec","Aztec style {prompt} . ancient Mexico, symbolic, cultural, highly detailed","modern, abstract, non-cultural, undetailed",""
"Style | Ink","ink wash painting of {prompt} . monochromatic, loose, fluid, expressive, delicate,colorful","tight"
"Style | Haida","Haida style {prompt} . Native American, form line, nature, highly detailed","non-Native American, abstract, urban, undetailed",""
"Style | Moorish","Moorish style {prompt} . Islamic, geometric, Andalusian, highly detailed","non-Islamic, organic, non-Andalusian, undetailed",""
"Style | Victorian","Victorian style {prompt} . 19th century, ornate, romantic, highly detailed","21st century, minimal, unemotional, undetailed",""
"Style | American Pueblo","Pueblo style {prompt} . Native American, traditional, pottery, highly detailed","non-Native American, modern, photography, undetailed",""
"Style | Cloisonne","Cloisonné style {prompt} . metalwork, enamel, intricate, highly detailed","woodwork, paint, simple, undetailed",""
"Style | Russian Khokhloma","Khokhloma style {prompt} . Russian, folk art, floral, highly detailed","non-Russian, fine art, geometric, undetailed",""
"Style | Bidmaiya","Biedermeier style {prompt} . 19th century, domestic, unpretentious, highly detailed","21st century, public, pretentious, undetailed",""
"Style | Goryeo","Goryeo style {prompt} . Korean, celadon, inlay, highly detailed","non-Korean, terra cotta, relief, undetailed",""
"Style | Chinese","Han style {prompt} . Chinese, ancient, stone relief, highly detailed","non-Chinese, modern, oil painting, undetailed",""
"Style | Ancient Greece","Hellenistic style {prompt} . ancient Greek, dynamic, emotional, highly detailed","modern, static, unemotional, undetailed",""
"Style | Tang","Tang style {prompt} . Chinese, ancient, sculpture, highly detailed","non-Chinese, modern, photography, undetailed",""
"Style | Ming","Ming style {prompt} . Chinese, elegant, pottery, highly detailed","non-Chinese, rustic, painting, undetailed",""
"Style | North Korea","Joseon style {prompt} . Korean, Confucian, painting, highly detailed","non-Korean, Taoist, sculpture, undetailed",""
"Style | Indian Gupta","Gupta style {prompt} . Indian, ancient, sculpture, highly detailed","non-Indian, modern, painting, undetailed",""
"Style | Palava Dynasty","Pallava style {prompt} . Indian, Dravidian architecture, sculpture, highly detailed","non-Indian, Mughal architecture, painting, undetailed",""
"Style | Chola","Chola style {prompt} . Indian, bronze, dancing Shiva, highly detailed","non-Indian, marble, sitting Buddha, undetailed",""
"Style | Minos, Crete","Minoan style {prompt} . ancient Crete, frescoes, sea life, highly detailed","modern, oil painting, land animals, undetailed",""
"Style | Mycenae, Ancient Greece","Mycenaean style {prompt} . ancient Greece, gold, death mask, highly detailed","modern, bronze, life mask, undetailed",""
"Style | Ndebele, Africa","Ndebele style {prompt} . African, geometric, house painting, highly detailed","non-African, organic, canvas painting, undetailed",""
"Style | African Saen tribe","San style {prompt} . African, rock art, animal figures, highly detailed","non-African, digital art, human figures, undetailed",""
"Style | Batik","batik style {prompt} . dyed, vibrant, patterned, textile, decorative,plain","unpatterned"
"Style | Assyrian","Assyrian style {prompt} . ancient Mesopotamia, relief, war scenes, highly detailed","modern, oil painting, peaceful scenes, undetailed",""
"Style | Thrace","Thracian style {prompt} . ancient Balkans, gold, ritual objects, highly detailed","modern, wood, everyday objects, undetailed",""
"Style | Etruscan","Etruscan style {prompt} . ancient Italy, bronze, mythological scenes, highly detailed","modern, steel, realistic scenes, undetailed",""
"Style | Sumerian","Sumerian style {prompt} . ancient Mesopotamia, cuneiform, clay tablets, highly detailed","modern, Latin script, parchment scrolls, undetailed",""
"Style | Babylon","Babylonian style {prompt} . ancient Mesopotamia, law codes, stone steles, highly detailed","modern, lawless, paper books, undetailed",""
"Style | Norway","Norse style {prompt} . Viking, runic, wood carving, highly detailed","non-Viking, Latin script, metalwork, undetailed",""
"Style | Olmec","Olmec style {prompt} . ancient Mexico, colossal heads, basalt, highly detailed","modern, miniature hands, marble, undetailed",""
"Style | Toltec","Toltec style {prompt} . ancient Mexico, monumental architecture, relief, highly detailed","modern, small-scale models, oil painting, undetailed",""
"Style | Peru Sicily","Sicán style {prompt} . ancient Peru, gold masks, funerary objects, highly detailed","modern, wood masks, everyday objects, undetailed",""
"Style | Peruvian Nazca","Nazca style {prompt} . ancient Peru, geoglyphs, desert, highly detailed","modern, graffiti, urban, undetailed",""
"Style | Peruvian Inca","Inca style {prompt} . ancient Peru, stonework, terraces, highly detailed","modern, woodwork, flat plains, undetailed",""
"Style | Zapotec","Zapotec style {prompt} . ancient Mexico, urns, jaguars, highly detailed","modern, vases, dogs, undetailed",""
"Style | Mexican Mistek","Mixtec style {prompt} . ancient Mexico, codices, turquoise, highly detailed","modern, novels, gold, undetailed",""
"Style | Medieval German Ottoman","Ottonian style {prompt} . medieval Germany, religious art, manuscripts, highly detailed","modern, secular art, newspapers, undetailed",""
"Style | Medieval French Merovingian","Merovingian style {prompt} . medieval France, jewelry, garnet cloisonné, highly detailed","modern, clothing, sapphire pavé, undetailed",""
"Style | Medieval Europe Carolingian","Carolingian style {prompt} . medieval Europe, illuminatedmanuscripts, luxury, highly detailed","modern, paperback books, simplicity, undetailed",""
"Style | Otomi, Mexico","Otomi style {prompt} . Mexican, textile, embroidery, highly detailed","non-Mexican, metalwork, hammering, undetailed",""
"Style | Indian yarn painting","Huichol style {prompt} . Mexican, yarn painting, spiritual, highly detailed","non-Mexican, oil painting, secular, undetailed",""
"Style | Native Japanese Ainu","Ainu style {prompt} . Japanese indigenous, wood carving, bear worship, highly detailed","non-Japanese, stone carving, dragon worship, undetailed",""
"Style | New Zealand Maori","Maori style {prompt} . New Zealand, tattoo, spiritual, highly detailed","non-New Zealand, body paint, secular, undetailed",""
"Style | Inuit","Inuit style {prompt} . Arctic, stone carving, animal figures, highly detailed","tropical, wood carving, human figures, undetailed",""
"Style | Saami","Saami style {prompt} . Nordic indigenous, duodji (craft), reindeer, highly detailed","non-Nordic, factory-made, cow, undetailed",""
"Style | Native American Ojibwe","Ojibwe style {prompt} . Native American, birch bark, canoes, highly detailed","non-Native American, pine bark, rafts, undetailed",""
"Style | Native American Tlingit","Tlingit style {prompt} . Native American, totem poles, spiritual, highly detailed","non-Native American, street signs, secular, undetailed",""
"Style | Native American Navajo","Navajo style {prompt} . Native American, textile, rug weaving, highly detailed","non-Native American, metalwork, jewelry making, undetailed",""
"Style | Native American Apache","Apache style {prompt} . Native American, basketry, coiled, highly detailed","non-Native American, pottery, thrown, undetailed",""
"Style | Native American Zuni","Zuni style {prompt} . Native American, jewelry, silver, highly detailed","non-Native American, clothing, cotton, undetailed",""
"Style | Native American Hopi","Hopi style {prompt} . Native American, kachina dolls, spiritual, highly detailed","non-Native American, action figures, secular, undetailed",""
"Style | Native American Siamese","Sioux style {prompt} . Native American, quillwork, porcupine, highly detailed","non-Native American, embroidery, silk, undetailed",""
"Style | Native American Lakota","Lakota style {prompt} . Native American, beadwork, clothing, highly detailed","non-Native American, sequin work, banners, undetailed",""
"Style | Native American Yupik","Yupik style {prompt} . Native American, mask, ceremonial, highly detailed","non-Native American, mask, recreational, undetailed",""
"Style | Native American Cherokee","Cherokee style {prompt} . Native American, pottery, stamped, highly detailed","non-Native American, pottery, painted, undetailed",""
"Style | Mohawk","Mohawk style {prompt} . Native American, sweetgrass, basketry, highly detailed","non-Native American, bamboo, basketry, undetailed",""
"Style | Cree","Cree style {prompt} . Native American, hide, clothing, highly detailed","non-Native American, synthetic material, clothing, undetailed",""
"Style | Acoma","Acoma style {prompt} . Native American, pottery, sky city, highly detailed","non-Native American, pottery, earth city, undetailed",""
"Style | Laguna","Laguna style {prompt} . Native American, pottery, polychrome, highly detailed","non-Native American, pottery, monochrome, undetailed",""
"Style | Seminole","Seminole style {prompt} . Native American, patchwork, clothing, highly detailed","non-Native American, knitting, clothing, undetailed",""
"Style | Osage","Osage style {prompt} . Native American, ribbon work, floral, highly detailed","non-Native American, beadwork, geometric, undetailed",""
"Style | Anasazi","Anasazi style {prompt} . Native American, pottery, black-on-white, highly detailed","non-Native American, pottery, color-on-color, undetailed",""
"Style | Mimbres","Mimbres style {prompt} . Native American, pottery, figurative, highly detailed","non-Native American, pottery, abstract, undetailed",""
"Style | Pomo","Pomo style {prompt} . Native American, basketry, feathers, highly detailed","non-Native American, basketry, beads, undetailed",""
"Style | Hohokam","Hohokam style {prompt} . Native American, pottery, red-on-buff, highly detailed","non-Native American, pottery, blue-on-cream, undetailed",""
"Style | Mississippian","Mississippian style {prompt} . Native American, stone carving, ceremonial, highly detailed","non-Native American, wood carving, everyday, undetailed",""
"Style | Fremont","Fremont style {prompt} . Native American, petroglyphs, rock art, highly detailed","non-Native American, graffiti, wall art, undetailed",""
"Style | Mogollon","Mogollon style {prompt} . Native American, pottery, geometric, highly detailed","non-Native American, pottery, organic, undetailed",""
"Style | Salado","Salado style {prompt} . Native American, pottery, polychrome, highly detailed","non-Native American, pottery, duochrome, undetailed",""
"Style | Zulu","Zulu style {prompt} . African, basketry, coiled, highly detailed","non-African, pottery, thrown, undetailed",""
"Style | Maasai","Maasai style {prompt} . African, beadwork, jewelry, highly detailed","non-African, macramé, wall hanging, undetailed",""
"Style | Ndebele","Ndebele style {prompt} . African, mural art, homes, highly detailed","non-African, canvas art, studios, undetailed",""
"Style | Kuba","Kuba style {prompt} . African, textile, raffia, highly detailed","non-African, metalwork, steel, undetailed",""
"Style | Yoruba","Yoruba style {prompt} . African, sculpture, spiritual, highly detailed","non-African, photography, secular, undetailed",""
"Style | Akan","Akan style {prompt} . African, gold weights, symbolic, highly detailed","non-African, silver weights, literal, undetailed",""
"Style | Berber","Berber style {prompt} . North African, jewelry, silver, highly detailed","non-North African, clothing, cotton, undetailed",""
"Style | Dogon","Dogon style {prompt} . African, wood carving, spiritual, highly detailed","non-African, stone carving, secular, undetailed",""
"Style | Fang","Fang style {prompt} . African, mask, ceremonial, highly detailed","non-African, mask, recreational, undetailed",""
"Style | Baga","Baga style {prompt} . African, mask, spiritual, highly detailed","non-African, mask, secular, undetailed",""
||| MOVIE TIPS ,,
"Movie | Blade Runner","Blade Runner {prompt} . Cyberpunk, neon-lit, rainy, dystopian, noir, cinematic, highly detailed","bright, sunny, utopian, cheerful, undetailed",""
"Movie | Star Wars","Star Wars {prompt} . Space opera, galaxy far, far away, epic, iconic, cinematic, highly detailed","earthly, small scale, uniconic, undetailed",""
"Movie | Lord of the Rings","Lord of the Rings {prompt} . Epic fantasy, Middle-earth, vast landscapes, highly detailed","science fiction, cityscape, undetailed",""
"Movie | Matrix","Matrix {prompt} . Cyberpunk, green tint, reality-bending, cinematic, highly detailed","rustic, brown tint, reality-based, undetailed",""
"Movie | Indiana Jones","Indiana Jones {prompt} . Adventure, archaeology, exotic locations, cinematic, highly detailed","domestic, library, unadventurous, undetailed",""
"Movie | Mad Max","Mad Max {prompt} . Post-apocalyptic, desert landscapes, dystopian, cinematic, highly detailed","utopian, lush landscapes, pre-apocalyptic, undetailed",""
"Movie | 2001 A Space Odyssey | A Space Odyssey","2001 | A Space Odyssey {prompt} . Sci-fi, space exploration, monolith, cinematic, highly detailed","fantasy, earth exploration, monochrome, undetailed",""
"Movie | Alien","Alien {prompt} . Sci-fi horror, space, xenomorphs, dark, highly detailed","comedy, bright, undetailed",""
"Movie | Avatar","Avatar {prompt} . Sci-fi, Pandora, bioluminescent, 3D, highly detailed","earthly, non-bioluminescent, 2D, undetailed",""
"Movie | Pulp Fiction","Pulp Fiction {prompt} . Crime, non-linear narrative, 90s, highly detailed","linear narrative, 2000s, undetailed",""
"Movie | Kill Bill","Kill Bill {prompt} . Martial arts, vengeance, yellow jumpsuit, cinematic, highly detailed","peaceful, pink jumpsuit, undetailed",""
"Movie | Inception","Inception {prompt} . Sci-fi, dream manipulation, heist, highly detailed","romantic comedy, reality, gift-giving, undetailed",""
"Movie | Fight Club","Fight Club {prompt} . Dark, gritty, psychological drama, highly detailed","light, glossy, undramatic, undetailed",""
"Movie | Harry Potter","Harry Potter {prompt} . Fantasy, Hogwarts, wizardry, highly detailed","science fiction, non-magical, undetailed",""
"Movie | Marvel Cinematic Universe","Marvel Cinematic Universe {prompt} . Superheroes, epic battles, colorful, highly detailed","ordinary people, small conflicts, monochrome, undetailed",""
"Movie | DC Extended Universe","DC Extended Universe {prompt} . Superheroes, grim, darker tones, highly detailed","ordinary people, cheerful, brighter tones, undetailed",""
"Movie | Game of Thrones","Game of Thrones {prompt} . Fantasy, Westeros, dragons, highly detailed","science fiction, no dragons, undetailed",""
"Movie | Twilight","Twilight {prompt} . Romantic fantasy, vampires, Pacific Northwest, highly detailed","non-romantic, zombies, desert, undetailed",""
"Movie | Transformers","Transformers {prompt} . Sci-fi, giant robots, explosions, highly detailed","fantasy, small creatures, calm, undetailed",""
"Movie | The Hunger Games","The Hunger Games {prompt} . Dystopian, survival, rebellion, highly detailed","utopian, abundance, conformity, undetailed",""
"Movie | Pirates of the Caribbean","Pirates of the Caribbean {prompt} . Adventure, pirates, supernatural, highly detailed","domestic, non-pirates, realistic, undetailed",""
"Movie | Jurassic Park","Jurassic Park {prompt} . Adventure, dinosaurs, Isla Nublar, highly detailed","undramatic, no dinosaurs, mainland, undetailed",""
"Movie | The Shining","The Shining {prompt} . Horror, haunted hotel, psychological thriller, highly detailed","comedy, non-haunted hotel, undetailed",""
"Movie | The Godfather","The Godfather {prompt} . Crime, mafia, 1940s-1950s, highly detailed","law-abiding, 2000s, undetailed",""
"Movie | The Dark Knight","The Dark Knight {prompt} . Superhero, gritty, Batman, Joker, highly detailed","light-hearted, Superman, undetailed",""
"Movie | Casablanca","Casablanca {prompt} . Drama, romance, WWII, highly detailed","action, non-romantic, modern day, undetailed",""
"Movie | Jaws","Jaws {prompt} . Thriller, shark, Amity Island, highly detailed","comedy, no shark, mainland, undetailed",""
"Movie | The Wizard of Oz","The Wizard of Oz {prompt} . Fantasy, musical, Technicolor, Oz, highly detailed","realistic, non-musical, monochrome, Kansas, undetailed",""
"Movie | E.T.Alien","E.T. {prompt} . Sci-fi, family, suburban, highly detailed","fantasy, non-family, urban, undetailed",""
"Movie | Ghostbusters","Ghostbusters {prompt} . Comedy, supernatural, New York City, highly detailed","horror, natural, rural, undetailed",""
"Movie | Back to the Future","Back to the Future {prompt} . Sci-fi, time travel, DeLorean, highly detailed","fantasy, time stationary, non-vehicle, undetailed",""
"Movie | Toy Story","Toy Story {prompt} . Animated, toys come to life, friendship, highly detailed","live-action, inanimate toys, rivalry, undetailed",""
"Movie | The Lion King","The Lion King {prompt} . Animated, animal kingdom, African savannah, highly detailed","live-action, human kingdom, urban, undetailed",""
"Movie | Finding Nemo","Finding Nemo {prompt} . Animated, ocean adventure, Great Barrier Reef, highly detailed","live-action, land adventure, desert, undetailed",""
"Movie | Shrek","Shrek {prompt} . Animated, fairytale, swamp, highly detailed","live-action, realistic, city, undetailed",""
"Movie | The Little Mermaid","The Little Mermaid {prompt} . Animated, undersea, mermaids, highly detailed","live-action, land, humans, undetailed",""
"Movie | Aladdin","Aladdin {prompt} . Animated, Arabian Nights, magic carpet, highly detailed","live-action, modern day, ordinary carpet, undetailed",""
"Movie | Beauty and the Beast","Beauty and the Beast {prompt} . Animated, fairytale, enchanted castle, highly detailed","live-action, realistic, ordinary house, undetailed",""
"Movie | Cinderella","Cinderella {prompt} . Animated, fairytale, magical transformation, highly detailed","live-action, realistic, ordinary transformation, undetailed",""
"Movie | Sleeping Beauty","Sleeping Beauty {prompt} . Animated, fairytale, spinning wheel, highly detailed","live-action"
"Movie | Snow White","Snow White {prompt} . Animated, fairytale, seven dwarfs, highly detailed","live-action, realistic, seven giants, undetailed",""
"Movie | Mulan","Mulan {prompt} . Animated, historical, Chinese warfare, highly detailed","live-action, futuristic, space warfare, undetailed",""
"Movie | Pocahontas","Pocahontas {prompt} . Animated, historical, Native American, highly detailed","live-action, modern, urban American, undetailed",""
"Movie | The Nightmare Before Christmas","The Nightmare Before Christmas {prompt} . Stop-motion, Halloween Town, Christmas Town, highly detailed","live-action, Easter Town, undetailed",""
"Movie | Frozen","Frozen {prompt} . Animated, fairytale, ice magic, highly detailed","live-action, realistic, fire magic, undetailed",""
"Movie | Moana","Moana {prompt} . Animated, Polynesian, ocean adventure, highly detailed","live-action, Nordic, mountain adventure, undetailed",""
"Movie | Tangled","Tangled {prompt} . Animated, fairytale, magic hair, highly detailed","live-action, realistic, ordinary hair, undetailed",""
"Movie | Zootopia","Zootopia {prompt} . Animated, anthropomorphic animals, urban, highly detailed","live-action, humans, rural, undetailed",""
"Movie | Coco","Coco {prompt} . Animated, Dia de los Muertos, Mexican culture, highly detailed","live-action, Halloween, American culture, undetailed",""
"Movie | Brave","Brave {prompt} . Animated, Scottish highlands, archery, highly detailed","live-action, tropical island, surfing, undetailed",""
"Movie | Inside Out","Inside Out {prompt} . Animated, emotions, abstract, highly detailed","live-action, logical thinking, realistic, undetailed",""
"Movie | The Incredibles","The Incredibles {prompt} . Animated, superhero, family, highly detailed","live-action, villain, solitary, undetailed",""
"Movie | Up","Up {prompt} . Animated, adventure, flying house, highly detailed","live-action, everyday life, stationary house, undetailed",""
"Movie | Wall-E","Wall-E {prompt} . Animated, post-apocalyptic, robots, highly detailed","live-action, pre-apocalyptic, humans, undetailed",""
"Movie | Ratatouille","Ratatouille {prompt} . Animated, culinary, Paris, highly detailed","live-action, non-culinary, New York, undetailed",""
"Movie | Monsters Inc.","Monsters Inc. {prompt} . Animated, monsters, scare factory, highly detailed","live-action, humans, laughter factory, undetailed",""
"Movie | Cars","Cars {prompt} . Animated, anthropomorphic cars, racing, highly detailed","live-action, humans, walking, undetailed",""
"Movie | A Bug's Life","A Bug's Life {prompt} . Animated, insects, ant colony, highly detailed","live-action, mammals, human society, undetailed",""
"Movie | James Bond 007","James Bond {prompt} . Spy, action, globe-trotting, highly detailed","romantic comedy, peace, domestic, undetailed",""
"Movie | Fast and Furious","Fast and Furious {prompt} . Action, car chases, family, highly detailed","romantic comedy, pedestrian chases, solitary, undetailed",""
"Movie | Mission Impossible","Mission Impossible {prompt} . Action, spy, impossible stunts, highly detailed","romantic comedy, everyday person, possible stunts, undetailed",""
"Movie | Jurassic World","Jurassic World {prompt} . Adventure, dinosaurs, theme park, highly detailed","romantic comedy, no dinosaurs, city park, undetailed",""
"Movie | Jurassic World","Jurassic World {prompt} . Animated, comedy, minions, highly detailed","live-action, drama, no minions, undetailed",""
"Movie | Interstellar","Interstellar {prompt} . Sci-fi, space travel, wormholes, highly detailed","romantic comedy, earth travel, roads, undetailed",""
"Movie | The Grinch","The Grinch {prompt} . Animated, Christmas, Whoville, highly detailed","live-action, summer, city, undetailed",""
"Movie | Avengers | Endgame","Avengers | Endgame {prompt} . Superhero, epic battle, time travel, highly detailed","romantic comedy, small conflict, present time, undetailed",""
"Movie | Wonder Woman","Wonder Woman {prompt} . Superhero, Amazonian, World War I, highly detailed","romantic comedy, non-Amazonian, modern day, undetailed",""
"Movie | The Iron Giant","The Iron Giant {prompt} . Animated, robot, 1950s, highly detailed","live-action, human, modern day, undetailed",""
"Movie | Godzilla","Godzilla {prompt} . Monster, destruction, cityscape, highly detailed","romantic comedy, creation, countryside, undetailed",""
"Movie | King Kong","King Kong {prompt} . Monster, island, skyscraper, highly detailed","romantic comedy, mainland, low-rise, undetailed",""
"Movie | The Grand Budapest Hotel","The Grand Budapest Hotel {prompt} . Comedy, hotel, pastel colors, highly detailed","action, wilderness, dark colors, undetailed",""
"Movie | Inside Llewyn Davis","Inside Llewyn Davis {prompt} . Drama, folk music, 1960s, highly detailed","action, pop music, modern day, undetailed",""
"Movie | Drive","Drive {prompt} . Action, neon, 1980s aesthetic, highly detailed","romantic comedy, daylight, modern aesthetic, undetailed",""
"Movie | The Neon Demon","The Neon Demon {prompt} . Horror, fashion, Los Angeles, highly detailed","romantic comedy, construction, New York, undetailed",""
"Movie | 它It Follows身后","It Follows {prompt} . Horror, supernatural, suburbia, highly detailed","romantic comedy, natural, city, undetailed",""
"Movie | Dunkirk","Dunkirk {prompt} . War, World War II, beach, highly detailed","romantic comedy, peace, city, undetailed",""
"Movie | Her","Her {prompt} . Romance, sci-fi, artificial intelligence, highly detailed","action, reality, human intelligence, undetailed",""
"Movie | The Revenant","The Revenant {prompt} . Drama, survival, wilderness, highly detailed","romantic comedy, luxury, city, undetailed",""
"Movie | Whiplash","Whiplash {prompt} . Drama, music, drumming, highly detailed","action, silence, no music, undetailed",""
"Movie | The Shape of Water","The Shape of Water {prompt} . Fantasy, romance, aquatic creature, highly detailed","action, hatred, terrestrial creature, undetailed",""
"Movie | A Ghost Story","A Ghost Story {prompt} . Drama, supernatural, ghost, highly detailed","romantic comedy, natural, human, undetailed",""
"Movie | The Florida Project","The Florida Project {prompt} . Drama, childhood, motel, highly detailed","action, adulthood, skyscraper, undetailed",""
"Movie | La La Land","La La Land {prompt} . Musical, romance, Los Angeles, highly detailed","action, hatred, New York, undetailed",""
"Movie | The Lobster","The Lobster {prompt}. Dark comedy,dystopian",""
"Movie | Ex Machina","Ex Machina {prompt} . Sci-fi, artificial intelligence, secluded mansion, highly detailed","romantic comedy, human intelligence, bustling city, undetailed",""
"Movie | Birdman","Birdman {prompt} . Drama, Broadway, magical realism, highly detailed","action, Hollywood, realism, undetailed",""
"Movie | Gravity","Gravity {prompt} . Sci-fi, space, survival, highly detailed","romantic comedy, earth, abundance, undetailed",""
"Movie | The Tree of Life","The Tree of Life {prompt} . Drama, philosophical, nonlinear narrative, highly detailed","action, practical, linear narrative, undetailed",""
"Movie | The Social Network","The Social Network {prompt} . Drama, Facebook, entrepreneurship, highly detailed","action, Myspace, employment, undetailed",""
"Movie | Moonlight","Moonlight {prompt} . Drama, coming-of-age, Miami, highly detailed","action, aging, Los Angeles, undetailed",""
"Movie | Parasite","Parasite {prompt} . Thriller, class disparity, South Korea, highly detailed","romantic comedy, class equality, United States, undetailed",""
"Movie | 1917","1917 {prompt} . War, World War I, single shot, highly detailed","romantic comedy, peace, multiple shots, undetailed",""
"Movie | Jojo Rabbit","Jojo Rabbit {prompt} . Comedy, World War II, imaginary friend, highly detailed","drama, modern day, real friend, undetailed",""
"Movie | Joker","Joker {prompt} . Drama, psychological, Gotham City, highly detailed","romantic comedy, psychological well-being, Metropolis, undetailed",""
"Movie | The Lighthouse","The Lighthouse {prompt} . Drama, isolation, lighthouse, highly detailed","romantic comedy, community, city, undetailed",""
"Movie | Once Upon a Time in Hollywood","Once Upon a Time in Hollywood {prompt} . Comedy-drama, 1960s Hollywood, film industry, highly detailed","action, modern Hollywood, tech industry, undetailed",""
"Movie | The Irishman","The Irishman {prompt} . Crime, mafia, aging, highly detailed","romantic comedy, law-abiding citizens, youth, undetailed",""
"Movie | Uncut Gems","Uncut Gems {prompt} . Crime, debt, gambling, highly detailed","romantic comedy, abundance, saving, undetailed",""
"Movie | Little Women","Little Women {prompt} . Drama, coming-of-age, Civil War era, highly detailed","action, aging, modern day, undetailed",""
"Movie | Knives Out","Knives Out {prompt} . Mystery, whodunit, wealthy family, highly detailed","romantic comedy, clear culprit, poor family, undetailed",""
"Movie | Marriage Story","Marriage Story {prompt} . Drama, divorce, bi-coastal, highly detailed","romantic comedy, marriage, same city, undetailed",""
"Movie | Midsommar","Midsommar {prompt} . Horror, cult, Sweden, highly detailed","romantic comedy, mainstream religion, United States, undetailed",""
"Movie | Booksmart","Booksmart {prompt} . Comedy, high school, overachievers, highly detailed","drama, college, underachievers, undetailed",""
"Movie | Ford vs Ferrari","Ford vs Ferrari {prompt} . Drama, racing, 1960s, highly detailed","romantic comedy, walking, modern day, undetailed",""
"Movie | Rocketman","Rocketman {prompt} . Musical, biographical, Elton John, highly detailed","action, fictional, ordinary person, undetailed",""
"Movie | Ad Astra","Ad Astra {prompt} . Sci-fi, space travel, father-son relationship, highly detailed","romantic comedy, earth travel, romantic relationship, undetailed",""
"Movie | Waves","Waves {prompt} . Drama, family tragedy, forgiveness, highly detailed","romantic comedy, family comedy, grudge, undetailed",""
"Movie | The Farewell","The Farewell {prompt} . Drama, family, terminal illness, highly detailed","romantic comedy, friends, good health, undetailed",""
"Movie | Hustlers","Hustlers {prompt} . Drama, strippers, financial crime, highly detailed","romantic comedy, office workers, financial responsibility, undetailed",""
"Movie | Portrait of a Lady on Fire","Portrait of a Lady on Fire {prompt} . Romance, art, 18th century France, highly detailed","action, science, modern day United States, undetailed",""
"Movie | Painand Glory","Painand Glory {prompt} . Drama, filmmaking, memory, highly detailed","romantic comedy, accounting, forgetfulness, undetailed",""
"Movie | The Two Popes","The Two Popes {prompt} . Drama, Vatican, philosophical discussions, highly detailed","action, a small town, physical challenges, undetailed",""
"Movie | The Peanut Butter Falcon","The Peanut Butter Falcon {prompt} . Adventure, friendship, wrestling, highly detailed","romantic comedy, rivalry, chess, undetailed",""
"Movie | The Goldfinch","The Goldfinch {prompt} . Drama, art, trauma, highly detailed","action, science, joy, undetailed",""
"Movie | High Life","High Life {prompt} . Sci-fi, space travel, isolation, highly detailed","romantic comedy, road trip, companionship, undetailed",""
"Movie | The Nightingale","The Nightingale {prompt} . Drama, revenge, colonial Tasmania, highly detailed","romantic comedy, forgiveness, modern California, undetailed",""
"Movie | Yesterday","Yesterday {prompt} . Comedy, music, The Beatles, highly detailed","drama, silence, unknown band, undetailed",""
"Movie | Doctor Sleep","Doctor Sleep {prompt} . Horror, supernatural, The Shining sequel, highly detailed","romantic comedy, natural, standalone story, undetailed",""
"Movie | John Wick 3","John Wick 3 {prompt} . Action, assassin, relentless pursuit, highly detailed","romantic comedy, pacifist, peaceful life, undetailed",""
"Movie | Us","Us {prompt} . Horror, doppelgängers, underground, highly detailed","romantic comedy, identical twins, above ground, undetailed",""
"Movie | Honey Boy","Honey Boy {prompt} . Drama, father-son relationship, Hollywood, highly detailed","romantic comedy, mother-daughter relationship, a small town, undetailed",""
"Movie | Cats","Cats {prompt} . Musical, anthropomorphic cats, surreal, highly detailed","action, ordinary humans, realism, undetailed",""
"Movie | Toy Story 4","Toy Story 4 {prompt} . Animated, toys, adventure, highly detailed","live-action, non-living objects, ordinary life, undetailed",""
"Movie | Star Wars | The Rise of Skywalker","Star Wars | The Rise of Skywalker {prompt} . Sci-fi, space opera, Jedi, highly detailed","romantic comedy, earthbound, everyday person, undetailed",""
"Movie | Downton Abbey","Downton Abbey {prompt} . Drama, British aristocracy, period piece, highly detailed","romantic comedy, modern middle class, present day, undetailed",""
"Movie | Frozen 2","Frozen 2 {prompt} . Animated, fairytale, sisterhood, highly detailed","live-action, realism, rivalry, undetailed",""
||| ANIMATION ,,
"Style | 2D traditional animation","traditional 2D animation {prompt} . hand-drawn, frames, expressive, vibrant colors, highly detailed","3D, CG, stop-motion, photo-realistic, black and white",""
"Style | CGI 3D animation","CGI animation {prompt} . 3D, photorealistic, high-quality textures and lighting, highly detailed","2D, stop-motion, anime, manga, black and white",""
"Style | Stop motion animation","stop-motion animation {prompt} . physical models, frame-by-frame, quirky, distinctive, highly detailed","2D, 3D, CG, anime, manga, black and white",""
"Style | Clay animation","claymation {prompt} . clay models, stop-motion, handcrafted, tactile, highly detailed","2D, 3D, CG, anime, manga, black and white",""
"Style | Vector animation","vector animation {prompt} . digital, clean lines, geometric shapes, bold colors, highly detailed","stop-motion, claymation, 3D, CG, black and white",""
"Style | Flash animation","flash animation {prompt} . digital, vector graphics, tweening, simple shapes, highly detailed","stop-motion, claymation, 3D, CG, black and white",""
"Style | Rotoscope animation","rotoscope animation {prompt} . traced over live-action, realistic movement, highly detailed","stop-motion, claymation, 3D, CG, black and white",""
"Style | Collage animation","cut-out animation {prompt} . paper or fabric cut-outs, stop-motion, handcrafted, highly detailed","2D, 3D, CG, anime, manga, black and white",""
"Style | Sand painting","sand animation {prompt} . sand manipulated on light box, fluid movement, highly detailed","2D, 3D, CG, anime, manga, black and white",""
"Style | Pixel art animation","pixel art animation {prompt} . low-res, blocky, digital, 8-bit, highly detailed","stop-motion, claymation, 3D, CG, black and white",""
"Style | Anime Style","anime style animation {prompt} . Japanese style, hand-drawn or digital, vibrant, unique character designs, highly detailed","western cartoons, 3D, CG, black and white",""
"Style | Manga Style","manga style {prompt} . Japanese comics, black and white, unique character designs, detailed backgrounds, highly detailed","western comics, 3D, CG, vibrant colors",""
"Style | Chibi","chibi style {prompt} . Japanese, super-deformed, cute, exaggerated features, vibrant colors, highly detailed","realistic, 3D, CG, western comics, black and white",""
"Style | Ultra-flat color","superflat {prompt} . Japanese, postmodern art, flat planes of color, manga and anime influences, highly detailed","3D, CG, western art styles, black and white",""
"Style | Western comics","western comics art {prompt} . bold lines, dynamic poses, vibrant colors, dramatic lighting, highly detailed","anime, manga, 3D, CG, black and white",""
"Style | Graphic novels","graphic novel art {prompt} . detailed, expressive, ranges from black and white to full color, often more realistic than traditional comics, highly detailed","anime, manga, 3D, CG, western comics",""
"Style | Modern graphic cartoon","cartoon modern {prompt} . mid-century modern aesthetic, stylized, geometric shapes, flat colors, highly detailed","realistic, 3D, CG, anime, manga, black and white",""
"Style | Abstract cartoon","abstract animation {prompt} . nonrepresentational, uses movement and color to create mood or emotion, highly detailed","realistic, 3D, CG, anime, manga, black and white",""
"Style | Paper-cut animation","silhouette animation {prompt} . black figures against light background, dramatic, based on shadow puppetry, highly detailed","colorful, 3D, CG, anime, manga, black and white",""
"Style | Looney Tunes","Looney Tunes {prompt} . Cartoon, slapstick humor, dynamic and exaggerated character designs, colorful, vibrant, whimsical","3D, realism, manga, black and white, subdued, serious",""
"Style | Disney Classic","Disney Classic {prompt} . Animation, fairy tales, musical numbers, expressive characters, bright colors, detailed, professional","manga, anime, black and white, sketchy, rough",""
"Style | Studio Ghibli","Studio Ghibli {prompt} . Anime, magical realism, environmental themes, unique characters, breathtaking landscapes, highly detailed","cartoon, slapstick, black and white, photo-realistic, barren",""
"Style | Pixar","Pixar {prompt} . 3D animation, heartwarming stories, photorealistic environments, appealing character designs, emotional depth, detailed, professional","2D, anime, manga, black and white, sketchy",""
"Style | Shōnen","Shōnen {prompt} . Manga, action-packed, youthful characters, dynamic battles, inspiring themes, highly detailed","Disney, Pixar, black and white, realism, romantic comedy",""
"Style | Japanese Mecha","Mecha {prompt} . Anime, robots, futuristic technologies, dynamic battles, detailed mechanical designs, highly detailed","Disney, Pixar, cartoon, Looney Tunes, realism, fairy tales",""
"Style | Japanese girl Comics","Shojo {prompt} . Manga, romantic themes, delicate art style, emotional narratives, highly detailed","action, mecha, 3D, Pixar, black and white, barren",""
"Style | Nickelodeon","Nickelodeon {prompt} . Cartoon, humor, dynamic characters, wacky and colorful designs, highly detailed","anime, manga, black and white, sketchy, serious",""
"Style | Cartoon Network","Cartoon Network {prompt} . Cartoon, humor, dynamic characters, unique and abstract designs, highly detailed","anime, manga, black and white, sketchy, serious",""
"Style | Adult animation black and white","Adult Swim {prompt} . Animation, adult humor, surreal themes, unique and abstract designs, highly detailed","children's cartoons, Disney, fairy tales, bright colors, traditional",""
"Style | Adventure Treasure","Adventure Time {prompt} . Cartoon, fantasy themes, quirky characters, vibrant colors, highly detailed","anime, manga, black and white, sketchy, serious",""
"Style | Rick and Morty","Rick and Morty {prompt} . Cartoon, science fiction, adult humor, unique and abstract designs, highly detailed","children's cartoons, Disney, fairy tales, bright colors, traditional",""
"Style | South Park","South Park {prompt} . Animation, satire, crude humor, simplistic designs, highly detailed","anime, manga, Disney, Pixar, detailed, professional",""
"Style | The Simpsons","The Simpsons {prompt} . Animation, satire, family themes, recognizable yellow characters, highly detailed","anime, manga, Disney, Pixar, black and white",""
"Style | Family Guy","Family Guy {prompt} . Animation, adult humor, satirical themes, cartoonish designs, highly detailed","anime, manga, Disney, Pixar, black and white",""
"Style | Bob's Burgers","Bob's Burgers {prompt} . Animation, family themes, humor, quirky characters, highly detailed","anime, manga, Disney, Pixar, black and white",""
"Style | Gravity Falls","Gravity Falls {prompt} . Cartoon, mystery, fantasy themes, unique character designs, highly detailed","anime, manga, Disney, Pixar, black and white",""
"Style | Steven Universe","Steven Universe {prompt} . Cartoon, LGBTQ+ themes, fantasy, vibrant colors, unique character designs, highly detailed","anime, manga, Disney, Pixar, black and white",""
"Style | One Piece","One Piece {prompt} . Manga, adventure, pirates, dynamic battles, unique character designs, highly detailed","cartoon, realism, Disney, Pixar, black and white",""
"Style | Attack on Titan","Attack on Titan {prompt} . Anime, dystopian, giants, dynamic battles, highly detailed","cartoon, realism, Disney, Pixar, black and white",""
"Style | My Hero Academia","My Hero Academia {prompt} . Anime, superhero, high school, dynamic battles, unique character designs, highly detailed","cartoon, realism, Disney, Pixar, black and white",""
"Style | Naruto","Naruto {prompt} . Anime, ninjas, coming-of-age, dynamic battles, unique character designs, highly detailed","cartoon, realism, Disney, Pixar, black and white",""
"Style | Dragon Ball Z","Dragon Ball Z {prompt} . Anime, martial arts, aliens, dynamic battles, unique character designs, highly detailed","cartoon, realism, Disney, Pixar, black and white",""
"Style | Sailor Moon","Sailor Moon {prompt} . Anime, magical girls, romance, unique character designs, highly detailed","cartoon, realism, Disney, Pixar, black and white",""
"Style | Cowboy Bebop","Cowboy Bebop {prompt} . Anime, space western, bounty hunters, noir themes, highly detailed","cartoon, realism, Disney, Pixar, black and white",""
||| FAMOUS ARTIST ,,
"Style | Van Gogh","Van Gogh style {prompt} . Expressive, impasto, swirling brushwork, vibrant, ","""realistic","photorealistic"
"Style | Warhol","Warhol style {prompt} . Pop art, bold colors, mass production, repetitive, ","""subdued colors","traditional"
"Style | Picasso","Picasso style {prompt} . Cubist, geometric, abstract, innovative, ","""realistic","detailed"
"Style | Da Vinci","Da Vinci style {prompt} . Realistic, sfumato, detailed, chiaroscuro, ","""abstract","vibrant colors"
"Style | Monet","Monet style {prompt} . Impressionist, light-filled, loose brushwork, en plein air, ","""defined","detailed"
"Style | Dali","Dali style {prompt} . Surrealist, dreamlike, bizarre, symbolic, ","""realistic","ordinary"
"Style | Pollock,Pollock style {prompt} . Abstract expressionist, gestural, dripping, layered, ","""sharp","precise"
"Style | Rothko","Rothko style {prompt} . Color field, abstract, simple, large-scale, ","""detailed","small"
"Style | Matisse","Matisse style {prompt} . Fauvist, bold colors, loose, decorative, ","""realistic","subdued colors"
"Style | Banksy","Banksy style {prompt} . Street art, satirical, stenciled, urban, ","""classic","traditional"
"Style | Michelinagelo","Michelinagelo style {prompt} . High Renaissance, sculptural, detailed, humanistic, ","""abstract","loose"
"Style | Kusama","Kusama style {prompt} . Pop Art, abstract, polka dots, immersive, ","""plain","monotone"
"Style | Hokusai","Hokusai style {prompt} . Ukiyo-e, woodblock print, detailed, narrative, ","""abstract","free-form"
"Style | O'Keeffe","O'Keeffe style {prompt} . Modernist, floral, bold, abstract, ","""small scale","detailed"
"Style | Cézanne","Cézanne style {prompt} . Post-impressionist, geometric, detailed, brushstrokes, ","""smooth","flat"
"Style | Hopper","Hopper style {prompt} . Realistic, light and shadow, loneliness, American urban, ","""busy","crowded"
"Style | Klimt","Klimt style {prompt} . Symbolist, decorative, ornamental, sensual, ","""simple","bare"
"Style | Chagall","Chagall style {prompt} . Surrealist, dreamy, vibrant, narrative, ","""realistic","dull"
"Style | Lichtenstein","Lichtenstein style {prompt} . Pop art, comic strip, bold, ironic, ","""realistic","traditional"
"Style | Basquiat","Basquiat style {prompt} . Neo-expressionist, primitive, graffiti, social commentary, ","""polished","elegant"
"Style | Frida Kahlo","Frida Kahlo style {prompt} . Surrealist, autobiographical, vibrant, symbolic, ","""Realist","historical"
"Style | Georgia O'Keeffe","Georgia O'Keeffe style {prompt} . Modernist, flowers, close-up, sensual, ","""Cubist","objects"
"Style | Jackson Pollock","Jackson Pollock style {prompt} . Abstract Expressionist, drip, large-scale, spontaneous, ","""Cubist","precise"
"Style | Rembrandt","Rembrandt style {prompt} . Baroque, chiaroscuro, realistic, emotional, ","""flat lighting","abstract"
"Style | Renoir","Renoir style {prompt} . Impressionist, vibrant, lively, warm, ","""dull","calm"
"Style | Magritte","Magritte style {prompt} . Surrealist, thought-provoking, mysterious, realistic, ","""abstract","obvious"
"Style | Manet","Manet style {prompt} . Realistic, impressionistic, bold, contemporary, ","""abstract","traditional"
"Style | Vermeer","Vermeer style {prompt} . Baroque, detailed, light, tranquil, ","""abstract","rough"
"Style | Caravaggio","Caravaggio style {prompt} . Baroque, tenebrism, dramatic, religious, ","""Renaissance","bright"
"Style | Rodin","Rodin style {prompt} . Realistic, expressive, textured, bronze, ","""smooth","emotionless"
"Style | Botticelli","Botticelli style {prompt} . Early Renaissance, allegorical, graceful, detailed, ","""abstract","harsh"
"Style | Edward Hopper","Edward Hopper style {prompt} . Realistic, isolation, strong light, urban, ","""impressionistic","crowded"
"Style | Keith Haring","Keith Haring style {prompt} . Pop art, street art, bold lines, active figures, ","""Impressionism","studio art"
"Style | Damien Hirst","Damien Hirst style {prompt} . Contemporary, controversial, installation, medical, ","""Classical","traditional"
"Style | Yayoi Kusama","Yayoi Kusama style {prompt} . Contemporary, polka dots, infinity rooms, red, ","""Classical","plain"
"Style | Francis Bacon","Francis Bacon style {prompt} . Expressionist, distorted, triptych, anguish, ","""Classical","proportional"
"Style | Ai Weiwei","Ai Weiwei style {prompt} . Contemporary, political, installation, ceramics, ","""Renaissance","neutral"
"Style | Cindy Sherman","Cindy Sherman style {prompt} . Contemporary, self-portrait, photography, identity, ","""Traditional","landscape"
"Style | Frank Stella","Frank Stella style {prompt} . Minimalist, geometric, large scale, non-representational, ","""maximalist","organic"
"Style | Lucian Freud","Lucian Freud style {prompt} . Realistic, impasto, psychological, intimate, ","""abstract","smooth"
"Style | Marc Chagall","Marc Chagall style {prompt} . Surrealist, dreamlike, colorful, narrative, ","""Realist","day-to-day"
"Style | Roy Lichtenstein","Roy Lichtenstein style {prompt} . Pop art, comic strip, benday dots, primary colors, ","""Abstract expressionism","serious subject"
"Style | Thomas Kinkade","Thomas Kinkade style {prompt} . Romantic, idealized, warm light, detailed, ","""abstract","harsh"
"Style | Joan Miró","Joan Miró style {prompt} . Surrealist, abstract, biomorphic forms, primary colors, ","""realistic","figurative"
"Style | Gerhard Richter","Gerhard Richter style {prompt} . Abstract, squeegee, photo-based, blurred, ","""Realistic","brushwork"
"Style | Wassily Kandinsky","Wassily Kandinsky style {prompt} . Abstract, musical, geometric, vibrant, ","""realistic","silent"
"Style | Norman Rockwell","Norman Rockwell style {prompt} . Realistic, narrative, Americana, detailed, ","""abstract","non-narrative"
"Style | Bridget Riley","Bridget Riley style {prompt} . Op Art, geometric, black and white, optical, ","""Impressionist","organic"
"Style | Piet Mondrian","Piet Mondrian style {prompt} . De Stijl, geometric, primary colors, balanced, ","""Surrealist","organic"
"Style | Salvador Dalí","Salvador Dalí style {prompt} . Surrealist, dreamlike, precise, melting, ","""Realist","day-to-day"
"Style | Mary Cassatt","Mary Cassatt style {prompt} . Impressionist, domestic, pastel, feminine, ","""Realist","urban"
"Style | Diego Rivera","Diego Rivera style {prompt} . Muralist, social realist, Mexican culture, narrative, ","""miniature","abstract"
"Style | Jean-Michel Basquiat","Jean-Michel Basquiat style {prompt} . Neo-expressionist, graffiti, crown, vibrant, ","""Photorealism","calligraphy"
"Style | Henry Moore","Henry Moore style {prompt} . Modernist, sculpture, organic, monumental, ","""Classical","painting"
"Style | Grant Wood","Grant Wood style {prompt} . Regionalist, rural, detailed, Americana, ","""urban","abstract"
"Style | Andy Goldsworthy","Andy Goldsworthy style {prompt} . Environmental, temporary, nature, outdoors, ","""Industrial","permanent"
"Style | Louise Bourgeois","Louise Bourgeois style {prompt} . Contemporary, sculpture, feminist, fabric, ","""Classical","painting"
"Style | Ansel Adams","Ansel Adams style {prompt} . Black and white, nature, high contrast, detailed, ","""color","urban"
"Style | Yoko Ono","Yoko Ono style {prompt} . Conceptual, performance, instruction, peace, ","""Realist","still life"
"Style | Gustav Klimt","Gustav Klimt style {prompt} . Symbolist, decorative, golden, intricate, ","""realistic","functional"
"Style | Jeff Koons","Jeff Koons style {prompt} . Contemporary, kitsch, glossy, large-scale, ","""traditional","serious"
"Style | John Singer Sargent","John Singer Sargent style {prompt} . Realistic, elegant, portrait, expressive, ","""abstract","casual"
"Style | Marcel Duchamp","Marcel Duchamp style {prompt} . Dada, readymade, conceptual, controversial, ","""traditional","handmade"
"Style | Claude Monet","Claude Monet style {prompt} . Impressionist, outdoor, light, loose brushwork, ","""neoclassical","indoor"
"Style | Anish Kapoor","Anish Kapoor style {prompt} . Abstract, large-scale, reflective, curved, ","""figurative","small-scale"
"Style | Hieronymus Bosch","Hieronymus Bosch style {prompt} . Surrealist, detailed, religious, narrative, ","""realistic","abstract"
"Style | Paul Gauguin","Paul Gauguin style {prompt} . Post-Impressionist, exotic, bold colors, flat, ","""Impressionist","familiar"
"Style | Katsushika Hokusai","Katsushika Hokusai style {prompt} . Ukiyo-e, nature, woodblock print, detailed, ","""western style","urban"
"Style | Pierre-Auguste Renoir","Pierre-Auguste Renoir style {prompt} . Impressionist, joyful, light, loose brushwork, ","""neoclassical","somber"
"Style | Antony Gormley","Antony Gormley style {prompt} . Sculpture, human form, rusted, site-specific, ","""painting","abstract"
"Style | Kazimir Malevich","Kazimir Malevich style {prompt} . Suprematism, abstract, geometric, minimal, ","""Realism","figurative"
"Style | Jean-Antoine Watteau","Jean-Antoine Watteau style {prompt} . Rococo, outdoor, elegant, lively, ","""Baroque","indoor"
"Style | Constantin Brâncuși","Constantin Brâncuși style {prompt} . Modernist, abstract, bronze, streamlined, ","""traditional","figurative"
"Style | Egon Schiele","Egon Schiele style {prompt} . Expressionist, figure, distorted, emotional, ","""Impressionist","landscape"
"Style | Nam June Paik","Nam June Paik style {prompt} . Video art, television, interactive, futuristic, ","""Traditional art","canvas"
"Style | James Whistler","James Whistler style {prompt} . Tonalism, atmospheric, subdued, abstract, ","""Fauvism","vibrant"
"Style | Lucio Fontana","Lucio Fontana style {prompt} . Spatialism, monochrome, slashed, minimal, ","""Futurism","colorful"
"Style | Artemisia Gentileschi","Artemisia Gentileschi style {prompt} . Baroque, dramatic, biblical, female-centric, ","""Rococo","calm"
"Style | Jean Dubuffet","Jean Dubuffet style {prompt} . Art Brut, textured, primal, abstract, ","""Academic art","smooth"
"Style | Sandro Botticelli","Sandro Botticelli style {prompt} . Early Renaissance, mythological, linear, vibrant, ","""Baroque","historical"
"Style | Carl Andre","Carl Andre style {prompt} . Minimalist, geometric, industrial, ground-level, ","""Baroque","organic"
"Style | David Hockney","David Hockney style {prompt} . Pop Art, vibrant colors, collage, landscapes, ","""Abstract Expressionism","muted colors"
"Style | Jenny Holzer","Jenny Holzer style {prompt} . Conceptual, text, LED, public spaces, ","""Realism","image"
"Style | Dante Gabriel Rossetti","Dante Gabriel Rossetti style {prompt} . Pre-Raphaelite, medieval, literary, romantic, ","""Futurist","modern"
"Style | Zaha Hadid","Zaha Hadid style {prompt} . Modernist, organic, futuristic, curved, ","""Classical","geometric"
"Style | Takashi Murakami","Takashi Murakami style {prompt} . Superflat, pop culture, colorful, cartoonish, ","""Cubist","high culture"
"Style | Edward Weston","Edward Weston style {prompt} . Photography, black and white, still life, detailed, ","""Painting","color"
"Style | Edvard Munch","Edvard Munch style {prompt} . Expressionist, psychological, bold colors, distorted, ","""Impressionist","physical"
"Style | Georges Braque","Georges Braque style {prompt} . Cubist, abstract, collage, muted colors, ","""Romantic","realistic"
"Style | Sol LeWitt","Sol LeWitt style {prompt} . Conceptual, geometric, minimal, instructional, ","""Expressionist","organic"
"Style | Giuseppe Arcimboldo","Giuseppe Arcimboldo style {prompt} . Mannerist, portrait, food, symbolic, ","""Cubist","landscape"
"Style | Yves Klein","Yves Klein style {prompt} . Nouveau réalisme, monochrome, blue, performance, ","""Pop Art","colorful"
"Style | Mark Rothko","Mark Rothko style {prompt} . Abstract Expressionist, color field, large-scale, emotional, ","""Pop Art","pattern"
"Style | Joseph Beuys","Joseph Beuys style {prompt} . Fluxus, performance, social sculpture, felt, ","""Minimalism","painting"
"Style | Berthe Morisot","Berthe Morisot style {prompt} . Impressionist, feminine, domestic, light, ","""Surrealist","masculine"
"Style | Agnes Martin","Agnes Martin style {prompt} . Minimalist, geometric, grid, subtle, ","""Baroque","organic"
"Style | Henri Cartier-Bresson","Henri Cartier-Bresson style {prompt} . Photography, decisive moment, black and white, candid, ","""Painting","posed"
"Style | Marina Abramović","Marina Abramović style {prompt} . Performance, endurance, audience participation, minimal, ","""Sculpture","instant"
"Style | Man Ray","Man Ray style {prompt} . Dada, photography, rayograph, experimental, ","""Realism","painting"
"Style | Käthe Kollwitz","Käthe Kollwitz style {prompt} . Expressionist, social realism, black and white, human suffering, ","""Impressionist","aestheticism"
"Style | Robert Rauschenberg","Robert Rauschenberg style {prompt} . Neo-Dada, combine, mixed-media, assemblage, ","""Minimalism","singular material"
"Style | Lyonel Feininger","Lyonel Feininger style {prompt} . Expressionist, Cubist, architecture, transparent, ","""Impressionist","organic"
"Style | Tracey Emin","Tracey Emin style {prompt} . YBA, confessional, neon, textile, ","""Old Masters","universal"
"Style | René Magritte","René Magritte style {prompt} . Surrealist, object, juxtaposition, mystery, ","""Realist","figure"
"Style | Rachel Whiteread","Rachel Whiteread style {prompt} . Contemporary, sculpture, negative space, cast, ","""Traditional","drawing"
"Style | Tomma Abts","Tomma Abts style {prompt} . Abstract, geometric, small-scale, acrylic and oil, ","""Figurative","organic"
"Style | Max Ernst","Max Ernst style {prompt} . Surrealist, collage, frottage, dreamlike, ","""Realist","oil painting"
"Style | Richard Serra","Richard Serra style {prompt} . Minimalist, sculpture, corten steel, site-specific, ","""Baroque","painting"
"Style | Ernst Ludwig Kirchner","Ernst Ludwig Kirchner style {prompt} . Expressionist, urban, woodcut, vibrant, ","""Impressionist","rural"
"Style | Eva Hesse","Eva Hesse style {prompt} . Postminimalist, sculpture, organic, fiberglass, ","""Minimalist","painting"
"Style | Paul Cézanne","Paul Cézanne style {prompt} . Post-Impressionist, still life, geometric, brushwork, ","""Impressionist","action"
"Style | Chuck Close","Chuck Close style {prompt} . Photorealism, portrait, large-scale, gridded, ","""Impressionism","landscape"
"Style | Thomas Gainsborough","Thomas Gainsborough style {prompt} . Rococo, landscape, elegant, oil, ","""Baroque","portrait"
"Style | Alexander Calder","Alexander Calder style {prompt} . Kinetic, mobile, primary colors, balanced, ","""Static","statue"
"Style | Anselm Kiefer","Anselm Kiefer style {prompt} . Neo-expressionist, monumental, textured, historical, ","""Minimalist","small-scale"
"Style | Amedeo Modigliani","Amedeo Modigliani style {prompt} . Modernist, portrait, elongated, nude, ","""Cubist","landscape"
"Style | Gilbert & George","Gilbert & George style {prompt} . Contemporary, photographic, duo, confrontational, ","""Traditional","painted"
"Style | El Greco","El Greco style {prompt} . Mannerist, religious, elongated, dramatic, ","""Renaissance","secular"
"Style | Rembrandt van Rijn","Rembrandt van Rijn style {prompt} . Baroque, self-portrait, chiaroscuro, etching, ","""Rococo","group portrait"
"Style | Louise Nevelson","Louise Nevelson style {prompt} . Abstract expressionist, sculpture, monochrome, found objects, ","""Realist","painting"
"Style | James Turrell","James Turrell style {prompt} . Land art, light, immersive, perceptual, ","""Street art","dark"
"Style | Édouard Manet","Édouard Manet style {prompt} . Realist, modern life, loose brushwork, controversial, ","""Romantic","history"
"Style | Dan Flavin","Dan Flavin style {prompt} . Minimalist, light, fluorescent, site-specific, ","""Baroque","dark"
"Style | Sarah Lucas","Sarah Lucas style {prompt} . YBA, feminist, readymade, provocative, ","""Old Masters","masculine"
"Style | Johannes Vermeer","Johannes Vermeer style {prompt} . Baroque, domestic, light, detailed, ","""Cubist","public"
"Style | Tadao Ando","Tadao Ando style {prompt} . Minimalist, concrete, light, water, ","""Baroque","brick"
"Style | Joseph Cornell","Joseph Cornell style {prompt} . Surrealist, box, found objects, nostalgic, ","""Minimalist","open space"
"Style | Gustave Courbet","Gustave Courbet style {prompt} . Realist, rural life, coarse brushwork, controversial, ","""Neoclassical","noble life"
"Style | Richard Long","Richard Long style {prompt} . Land art, circle, natural materials, ephemeral, ","""Street art","square"
"Style | Otto Dix","Otto Dix style {prompt} . New Objectivity, war, grotesque, social critique, ","""Impressionism","peace"
"Style | Barnett Newman","Barnett Newman style {prompt} . Abstract expressionism, zip, large-scale, color field, ","""Pop art","pattern"
"Style | Sophie Calle","Sophie Calle style {prompt} . Conceptual, photography, text, personal, ","""Abstract","painting"
"Style | KAWS","KAWS style {prompt} . Pop art, vinyl toy, X eyes, cartoonish, ","""Conceptual","bronze statue"
"Style | Francis Picabia","Francis Picabia style {prompt} . Dada, machine, painting, provocative, ","""Impressionism","nature"
"Style | H.R. Giger","H.R. Giger style {prompt} . Surrealist, biomechanical, airbrush, dark, ","""Impressionist","human"
"Style | Jean Arp","Jean Arp style {prompt} . Dada, abstract, biomorphic, sculpture, ","""Realism","figurative"
"Style | Fernand Léger","Fernand Léger style {prompt} . Cubist, mechanical, mural, bold colors, ","""Surrealist","organic"
"Style | Barbara Kruger","Barbara Kruger style {prompt} . Conceptual, text, black and white, feminist, ","""Impressionist","image"
"Style | Piero della Francesca","Piero della Francesca style {prompt} . Renaissance, fresco, mathematical, religious, ","""Contemporary","installation"
"Style | Richard Hamilton","Richard Hamilton style {prompt} . Pop Art, collage, consumer culture, mixed media, ","""Impressionism","oil painting"
"Style | Grayson Perry","Grayson Perry style {prompt} . Contemporary, ceramics, tapestry, narrative, ","""Old Masters","oil painting"
"Style | Faith Ringgold","Faith Ringgold style {prompt} . Contemporary, quilt, narrative, feminist, ","""Abstract","sculpture"
"Style | Banksy","Banksy style {prompt} . Street Art, stencil, satirical, black and white, ","""Studio Art","oil painting"
"Style | Olafur Eliasson","Olafur Eliasson style {prompt} . Installation, light, environment, perceptual, ","""Painting","dark"
"Style | Kiki Smith","Kiki Smith style {prompt} . Feminist, body, sculpture, mythological, ","""Patriarchal","landscape"
"Style | Chris Ofili","Chris Ofili style {prompt} . YBA, mixed-media, elephant dung, decorative, ","""Minimalism","single-media"
"Style | Ellsworth Kelly","Ellsworth Kelly style {prompt} . Hard-edge painting, color field, minimalist, geometric, ","""Impressionism","detailed"
"Style | Christo and Jeanne-Claude","Christo and Jeanne-Claude style {prompt} . Installation, environmental, fabric, temporal, ","""Still Life","indoor"
"Style | Wayne Thiebaud","Wayne Thiebaud style {prompt} . Pop Art, still life, pastel, thick paint, ","""Cubism","dynamic scenes"
"Style | Antony Gormley","Antony Gormley style {prompt} . Sculpture, human form, rusted metal, public art, ","""Painting","abstract"
"Style | Maurice Sendak","Maurice Sendak style {prompt} . Children's illustration, fantasy, detailed, narrative, ","""Abstract","adult"
||| ADVANCED PHOTOGRAPHY ,,
"Photography | Extraordinary charm","{prompt} with charisma. 50mm lens, f/2.8, focused on eyes, natural lighting","overexposed, underexposed, blurry, distorted, overprocessed",""
"Photography | Cinematic portrait","cinematic portrait of {prompt}. 85mm lens, f/1.8, dramatic side lighting, moody atmosphere","overblown highlights, noisy, grainy, oversaturated, wide-angle distortion",""
"Photography | Environment","environmental portrait of {prompt}. 35mm lens, f/4, wider context, natural surroundings","cluttered background, poor lighting, overexposed, underexposed, unsharp",""
||| PHOTOJOURNALISM ,,
"Photojournalism | News report","gripping reportage of {prompt}. Wide-angle lens, f/8, focus on action, capture the moment","blurred action, low light noise, unsteady shot, out of focus, distorted perspective",""
"Photojournalism | Grab the shot","candid shot of {prompt}. 50mm lens, f/2.8, spontaneous, unposed","poor lighting, motion blur, out of focus, distracting background, overprocessed",""
"Photojournalism | Documentary","documentary style of {prompt}. 35mm lens, f/5.6, truthful representation, neutral perspective","overexposed, underexposed, oversaturated, motion blur, unsteady shot",""
||| FASHION PHOTOGRAPHY ,,
"Fashion photography | High-end women's fashion","haute couture display of {prompt}. 85mm lens, f/2.2, vibrant colors, dramatic lighting","flat lighting, out of focus, distracting background, overprocessed, oversaturated",""
"Fashion photography | Editorial","editorial fashion shot of {prompt}. 50mm lens, f/2.5, storytelling, focused on outfit","unflattering pose, poor lighting, blurry, distracting elements, overexposed",""
"Fashion photography | Product sample","catalog shot of {prompt}. 70mm lens, f/5.6, neutral background, clear focus on attire","poor lighting, unflattering angles, distorted perspective, underexposed, oversaturated",""
||| SPORTS PHOTOGRAPHY ,,
"Sports photography | Full of exciting activities","action-packed shot of {prompt}. 200mm lens, f/2.8, high shutter speed, capture the peak moment","motion blur, underexposed, out of focus, distracting background, unsteady shot",""
"Sports photography | Emotion","emotional moment in {prompt}. 135mm lens, f/4, capture expressions, ambient lighting","poor focus, high ISO noise, unsteady shot, underexposed, distorted colors",""
"Sports photography | Narrative","narrative image of {prompt}. 50mm lens, f/3.5, storytelling, context setting","unfocused, poor lighting, cluttered composition, overexposed, distorted perspective",""
||| STILL LIFE PHOTOGRAPHY ,,
"Still life photography | Minimalist","minimalistic composition of {prompt}. 50mm lens, f/5.6, simplistic design, neutral colors","cluttered, oversaturated, unbalanced composition, poor lighting, overexposed",""
"Still life photography | Dramatic","dramatic still life of {prompt}. 85mm lens, f/2.2, dramatic lighting, intense colors","flat lighting, blurry, underexposed, distracting elements, oversaturated",""
"Still life photography | Country side","rustic presentation of {prompt}. 35mm lens, f/4, natural elements, warm tones","poor focus, overexposed, cluttered, cold colors, unbalanced composition",""
||| PHOTO EDITOR ,,
"Photo editor | Investigation","investigative shot of {prompt}. 24mm lens, f/4, informative, intriguing","blurry, underexposed, distorted perspective, high ISO noise, distracting elements",""
"Photo editor | Lifestyle","lifestyle capture of {prompt}. 50mm lens, f/2.8, candid, vibrant colors","poor lighting, overprocessed, distracting background, motion blur, unsteady shot",""
"Photo editor | Opinions","opinion image of {prompt}. 35mm lens, f/5.6, emotive, storytelling","poor focus, underexposed, cluttered composition, overexposed highlights, distorted colors",""
||| ARCHITECTURAL PHOTO ,,
"Architectural photography | History","historical capture of {prompt}. 24mm lens, f/8, capture architectural details, natural lighting","distorted perspective, underexposed, overprocessed, unsharp, oversaturated",""
"Architectural photography | Modernism","modernist view of {prompt}. 18mm lens, f/4, minimalistic, strong lines","barrel distortion, overexposed, blurry, poor composition, flat colors",""
"Architectural photography | Surreal","surreal perspective of {prompt}. Fisheye lens, f/2.8, abstract interpretation, vibrant colors","unfocused, poor lighting, underexposed, overprocessed, distracting elements",""
||| PAINTING ,,
"Style | Futuristic","futuristic interpretation of {prompt} . sleek, high-tech, metallic, smooth surfaces, neon, sharp edges, crystal clear, professional, ultra detailed,ugly","deformed"
"Style | Abstract expressionism","Abstract Expressionist style of {prompt} . bold colors, vigorous brushwork, non-representational, spontaneous, expressive, emotional,boring","monotone"
"Style | Pointillism","pointillist technique on {prompt} . tiny dots of color, optical blend, detailed, vibrant, rich,solid","monochromatic"
"Style | Cubism","cubist interpretation of {prompt} . geometric forms, multi-perspective, abstract, fragmented, complex,rounded","realistic"
"Style | Gothic","gothic style {prompt} . dark, mysterious, medieval, ornate, intricate, detailed, haunting,bright","modern"
"Style | Impressionism","impressionist take on {prompt} . loose brushwork, light color, emphasis on light and movement, emotive, painterly,tight","photographic"
"Style | Charcoal painting","charcoal sketch of {prompt} . dark, grainy, high contrast, loose, dramatic,light","smooth"
"Style | Collage art","collage of {prompt} . mixed media, eclectic, detailed, layered, creative,uniform","minimalistic"
"Style | Graffiti","graffiti style {prompt} . street art, bold, colorful, vibrant, dynamic, urban, rebellious, intricate,refined","subtle"
"Style | Visual trap","trompe l'oeil of {prompt} . hyperrealistic, 3d illusion, detailed, deceptive, intricate,abstract","flat"
"Style | Super realistic","hyperrealistic {prompt} . photorealistic, extreme detail, lifelike, crisp, precise,blurry","abstract"
"Style | Calligraphy art","calligraphy style {prompt} . elegant, flowing, precise, detailed, intricate, hand-drawn,bold","blocky"
"Style | Baroque","baroque rendition of {prompt} . opulent, grand, ornate, dramatic, detailed, decorative,minimalist","modern"
"Style | Op Art","op art style {prompt} . optical illusion, geometric, vibrant, dynamic, detailed, bold,soft","organic"
"Style | Psychedelic","psychedelic version of {prompt} . vibrant color, distorted visuals, swirling patterns, trippy, detailed, intricate,neutral","realistic"
"Style | Printmaking","scratchboard technique on {prompt} . contrast, engraved, black and white, detailed, dramatic,colorful","soft"
"Style | Botanical illustration","botanical illustration of {prompt} . detailed, accurate, precise, delicate, naturalistic,abstract","loose"
"Style | Lithography","lithograph of {prompt} . printmaking, smooth, detailed, bold, graphic,rough","textured"
"Style | Woodblock","woodcut style {prompt} . carved, bold lines, high contrast, rustic, handmade,smooth","soft"
"Style | Mold art","stencil art of {prompt} . sharp edges, bold, graphic, street art style, vibrant,soft","loose"
"Style | Image tracing","rotoscoped {prompt} . traced, animation style, smooth, realistic, detailed,abstract","symbolic"
"Style | Glass painting","glass painting of {prompt} . translucent, vibrant, decorative, intricate, glossy,matte","dull"
"Style | Art deco","art deco interpretation of {prompt} . geometric, bold, symmetrical, ornate, detailed, decorative,soft","organic"
"Style | Hard edge art","hard edge painting of {prompt} . geometric, sharp edges, flat color, modern, bold,soft","organic"
"Style | Dry brush","drybrush technique on {prompt} . rough texture, loose brushwork, subtle detail, expressive, painterly,smooth","precise"
"Style | Outer light painting","plein air painting of {prompt} . outdoor, natural light, vibrant, loose, expressive,studio","artificial"
"Style | Body painting","body painting of {prompt} . human canvas, vibrant, detailed, transformative, expressive,traditional canvas","subtle"
"Style | Spray paint","spray paint art of {prompt} . street style, vibrant, spontaneous, bold, rough,refined","soft"
"Style | Gray painting","grisaille painting of {prompt} . monochromatic, detailed, realistic, refined, tonal,colorful","abstract"
"Style | Pointillism","stippled technique on {prompt} . dotted, texture, detailed, graphic, intricate,smooth","solid"
"Style | Pastel","pastel drawing of {prompt} . soft, colorful, delicate, expressive, textured,sharp","bold"
"Style | Wax painting","encaustic painting of {prompt} . wax, textured, layered, luminous, rich,flat","smooth"
"Style | Macrame style","macrame style {prompt} . knotted, textile, intricate, handmade, decorative,smooth","flat"
"Style | Graffiti template","graffiti stencil art of {prompt} . urban, bold, vibrant, street style, graphic,elegant","refined"
"Style | Splash painting","action painting of {prompt} . spontaneous, energetic, abstract, expressive, bold,precise","slow"
"Style | Folk art","folk art depiction of {prompt} . traditional, handmade, decorative, vibrant, detailed,modern","digital"
"Style | Fault art","glitch art of {prompt} . distorted, digital, vibrant, abstract, modern,refined","traditional"
"Style | Chiaroscuro","chiaroscuro technique on {prompt} . high contrast, dramatic, realistic, refined, tonal,flat","dull"
"Style | Gouache","gouache painting of {prompt} . vibrant, opaque, smooth, rich, detailed,transparent","loose"
||| INSTAGRAM STYLE ,,
"Style | High fashion","high fashion photo of {prompt}. Designer clothes, dramatic poses, avant-garde","casual, candid, natural, mainstream fashion",""
"Style | Casual fashion,{prompt} in a casual chic outfit. Comfortable, stylish, modern, accessible","formal, high fashion, flamboyant, extravagant",""
"Style | Streetwear,{prompt} rocking the streetwear trend. Urban, hip-hop influence, sneakers, caps, oversized","preppy, conservative, formal, traditional",""
"Style | Sports","athletic shot of {prompt}. Sportswear, action, energy, strength","leisure, inactive, weak, non-sporty",""
"Style | Classic,{prompt} in a vintage ensemble. Retro, nostalgia, classic styles, second-hand","modern, futuristic, minimalist, new",""
"Style | Bohemian,{prompt} in boho fashion. Free-spirited, layered, patterns, ethnic-inspired, fringe","minimalist, structured, monochromatic, sleek",""
"Style | Preparatory students,{prompt} dressed in preppy style. Collegiate, clean-cut, conservative, layered","gothic, punk, casual, relaxed",""
"Style | Punk,{prompt} with a punk look. Rebellious, grungy, band tees, ripped denim","preppy, classic, conservative, formal",""
"Style | Trash rock,{prompt} sporting a grunge look. '90s influence, flannel, band tees, distressed","preppy, glamorous, feminine, tailored",""
"Style | Charming,{prompt} looking glamorous. Luxury, sequins, fur, red carpet ready","casual, relaxed, sporty, minimalist",""
"Style | Rock youth,{prompt} rocking the rock style. Leather, band tees, edgy, black","preppy, pastel, boho, cute",""
"Style | Hipster,{prompt} in a hipster outfit. Eclectic, indie, non-mainstream, vintage","mainstream, sporty, glamorous, preppy",""
"Style | Ethics,{prompt} wearing ethical fashion. Sustainable, fair trade, organic materials, eco-friendly","fast fashion, synthetic, mass-produced, cheap",""
"Style | Business casual wear,{prompt} dressed in business casual. Semi-formal, tailored, smart, professional","sporty, casual, grunge, punk",""
"Style | Beach clothing,{prompt} in beachwear. Bikinis, cover-ups, sandals, straw hats, light fabrics","winter wear, formal, business, structured",""
"Style | Sportswear,{prompt} in stylish activewear. Sporty, comfortable, functional, athleisure","evening wear, formal, preppy, boho",""
"Style | Country,{prompt} sporting country style. Western, cowboy boots, plaid, denim","gothic, punk, high fashion, glamorous",""
"Style | Military,{prompt} wearing military-inspired fashion. Camouflage, khaki, structured, badges","boho, glamorous, preppy, beachwear",""
"Style | Kawaha,{prompt} in Kawaii style. Cute, pastel, girly, anime-inspired, frilly","gothic, punk, grunge, minimalist",""
"Style | Lolita,{prompt} in a Lolita ensemble. Victorian-inspired, frilly, bows, lace, layered","minimalist, sporty, casual, business",""
"Style | Formal occasion,{prompt} dressed in formal wear. Black tie, tuxedo, evening gown, polished","casual, sporty, grunge, beachwear",""
"Style | Tomboy,{prompt} rocking a tomboy look. Androgynous, loose, sneakers, caps","glamorous, feminine, boho, preppy",""
"Style | Boring dressing trend,{prompt} dressed in normcore. Unpretentious, casual, basics, comfortable","high fashion, glamorous, punk, gothic",""
"Style | Artist,{prompt} in an artistic outfit. Creative, unique, expressive, handmade","preppy, conservative, business, traditional",""
"Style | No gender,{prompt} in genderless fashion. Androgynous, neutral, modern, unisex","feminine, masculine, glam, preppy",""
"Style | Monochrome,{prompt} in a monochromatic look. Single color, sleek, modern, minimalist","colorful, vibrant, patterned, boho",""
"Style | Modern school,{prompt} dressed in Mod style. '60s influence, A-line, geometric patterns, bold","boho, grunge, minimalist, normcore",""
"Style | Harajuku,{prompt} in Harajuku style. Japanese street fashion, eclectic, colorful, anime","conservative, preppy, minimalist, business",""
"Style | Cyberpunk,{prompt} in a cyberpunk outfit. Futuristic, dystopian, metallic, neon","vintage, retro, classic, boho",""
"Style | Indulge in joy,{prompt} in rave wear. Bright colors, neon, sequins, fur","business casual, preppy, conservative, minimalist",""
"Style | Hippie,{prompt} in hippy style. '70s influence, tie-dye, bell-bottoms, fringe","preppy, conservative, formal, modern",""
"Style | Skater,{prompt} rocking skater style. Casual, sneakers, baggy, sporty, laid-back","formal, glamorous, high fashion, preppy",""
"Style | Celebrity poster,{prompt} in a pin-up style. Retro, '50s influence, feminine, curves","gothic, grunge, sporty, tomboy",""
"Style | Sailing,{prompt} in a nautical outfit. Sailor-inspired, stripes, navy, white, red","gothic, punk, grunge, boho",""
"Style | Fantasize about the future,{prompt} in futuristic fashion. Metallic, geometric, avant-garde, high-tech","vintage, classic, traditional, retro",""
"Style | Weird,{prompt} in an eccentric ensemble. Unique, quirky, stand-out, individualistic","traditional, classic, conservative, minimalist",""
"Style | Specially made,{prompt} in a tailored suit. Formal, professional, sleek, well-fitted","casual, relaxed, oversized, loose",""
"Style | Environmental protection,{prompt} in sustainable fashion. Eco-friendly, organic, recycled materials, fair trade","fast fashion, synthetic, cheap, disposable",""
"Style | Tradition,{prompt} in a traditional outfit. Ethnic, regional, cultural, heritage","modern, futuristic, western, mainstream",""
"Style | Snapshot,{prompt} captured in a candid moment. Unposed, natural, spontaneous, real-life situation","posed, artificial, studio shot, planned",""
"Style | Portrait","portrait shot of {prompt}. Close-up, eyes on camera, clear, sharp","wide shot, landscape, blurred, candid",""
"Style | Lifestyle","lifestyle photo of {prompt}. Everyday activities, real-life situations, relatable","fantasy, staged, surreal, unrealistic",""
"Style | Editorial","editorial shot of {prompt}. Fashion-forward, styled, professional, magazine-ready","casual, candid, unstyled, amateur",""
"Style | Charm","glamour shot of {prompt}. Beauty focused, make-up, lighting, seductive","natural, minimal, candid, unglamorous",""
"Style | Fitness","fitness photo of {prompt}. Athletic, workout gear, active, strong","laid back, casual, non-athletic, inactive",""
"Style | Boudoir","boudoir shot of {prompt}. Intimate, sensual, classy, tasteful","public, conservative, modest, non-intimate",""
"Style | Outline","silhouette photo of {prompt}. Dramatic, backlighting, mysterious, creative","frontlit, clear, detailed, revealing",""
"Style | Pregnancy","maternity shot of {prompt}. Pregnancy, baby bump, motherhood, glowing","non-pregnant, childless, pre-pregnancy, post-pregnancy",""
"Style | Black and white","black and white photo of {prompt}. Monochrome, timeless, artistic, dramatic","color, vibrant, modern, digital",""
"Style | Beauty poster","pin-up style photo of {prompt}. Retro, feminine, seductive, fun","modern, conservative, modest, non-vintage",""
"Style | Head","headshot of {prompt}. Professional, clear, neutral background, focused","full body, casual, distracting background, unfocused",""
"Style | Whole body","full body shot of {prompt}. Whole outfit, clear, sharp, balanced","close up, cropped, blurry, unbalanced",""
"Style | Business","business photo of {prompt}. Professional attire, workplace setting, confident","casual, relaxed, non-work, insecure",""
"Style | Beach","beach photo of {prompt}. Swimwear, sand, ocean, relaxed","urban, winter, formal, stressed",""
"Style | Women's underwear","lingerie shot of {prompt}. Intimate apparel, sensual, feminine, seductive","outerwear, modest, masculine, non-sensual",""
"Style | Close-up","close-up photo of {prompt}. Detailed, intimate, clear, personal","wide shot, distant, blurry, impersonal",""
"Style | Nature","nature shot with {prompt}. Outdoors, greenery, natural light, fresh","indoor, city, artificial light, stale",""
"Style | Studio","studio shot of {prompt}. Controlled lighting, plain background, clear","outdoor, natural light, busy background, unclear",""
"Style | Street","street shot of {prompt}. Urban, casual, candid, trendy","rural, formal, posed, traditional",""
"Style | Dance","dance photo of {prompt}. Movement, grace, energy, rhythm","static, clumsy, lethargic, off-beat",""
"Style | Retro elegance","vintage style photo of {prompt}. Retro, nostalgic, old-fashioned, timeless","modern, futuristic, trendy, transient",""
"Style | Dark light","low light photo of {prompt}. Ambient, moody, dramatic, shadowy","bright, cheerful, flat, clear",""
"Style | Underwater","underwater photo of {prompt}. Aquatic, serene, dreamlike, floaty","land, hectic, realistic, heavy",""
"Style | Action","action shot of {prompt}. Movement, energy, dynamic, intense","still, calm, static, gentle",""
"Style | Fashion","fashion shot of {prompt}. Trendy outfit, styled, runway-ready, chic","plain, unstyled, out of style, ordinary",""
"Style | Aerial","aerial shot of {prompt}. Birds-eye view, grand, adventurous, stunning","ground level, confined, cautious, underwhelming",""
"Style | Music","music-related shot of {prompt}. Playing an instrument, singing, energetic, passionate","quiet, uninterested, uninvolved, lackluster",""
"Style | Fine arts","fine art photo of {prompt}. Conceptual, creative, artistic, aesthetic","commercial, literal, uncreative, unaesthetic",""
"Style | City scenery","cityscape shot with {prompt}. Urban, skyline, architectural, dynamic","rural, landscape, natural, static",""
"Style | Landscape","landscape shot with {prompt}. Scenic, outdoors, grand, beautiful","indoor, close-up, confined, unattractive",""
"Style | Macro","macro shot of {prompt}. Extremely close-up, detailed, intricate, revealing","wide shot, undetailed, simple, concealing",""
"Style | Prime time","golden hour shot of {prompt}. Warm light, sunset/sunrise, magical, serene","midday, harsh light, mundane, agitated",""
"Style | Blue time","blue hour shot of {prompt}. Cool light, twilight, peaceful, moody","midday, harsh light, chaotic, flat",""
"Style | Night","night shot of {prompt}. Dark, lit, moody, mysterious","daytime, bright, cheerful, clear",""
"Style | Image","reflection shot of {prompt}. Mirror image, symmetry, creative, thoughtful","direct, asymmetrical, uncreative, thoughtless",""
"Style | Backlight","backlit photo of {prompt}. Silhouette, dramatic, artistic, shadowy","frontlit, flat, unartistic, clear",""
"Style | Overhead","overhead shot of {prompt}. Top-down view, unique perspective, revealing","low angle, ordinary perspective, concealing",""
